id,page_slug,locale,section_key,content_type,content_value,updated_by,created_at,updated_at
00452f93-e18a-4c79-95a0-6ec5118644fe,rescuetest,en,section_3_title,text,Inclusions,seed-script,2026-03-28 14:22:37.579329+00,2026-04-05 06:07:44.846552+00
00480ad4-c08f-448c-ad4c-11c3213168cd,advanced,nl,section_2_content,text,Open Water Diver-brevet (of gelijkwaardig) en minimumleeftijd van 13 jaar.,seed-script,2026-03-28 14:22:36.581793+00,2026-04-05 04:55:41.878597+00
0049ecce-51e0-4b5f-9e24-bca20f6966cb,rescue,en,hero_title,text,PADI Rescue Diver.....,seed-script,2026-03-19 08:09:14.307416+00,2026-04-05 14:20:07.326295+00
005e4743-5299-4e06-a427-cc5efe2edf73,mango-baybay,en,overview-,text,Shallow coral reefs perfect for relaxed diving with thriving marine ecosystems.,,2026-03-27 13:40:10.789117+00,2026-04-07 13:03:49.356909+00
008b6201-325c-4da0-847b-a71cbd8dd58e,accommodationtest,nl,ctaButton,text,Stay with us at our resort accommodation,,2026-03-27 11:51:48.105016+00,2026-04-05 07:26:43.875112+00
01217185-2131-4a71-b029-9bb3c3d830e3,home,en,course_divemaster_title,text,"PADI Divemaster DMT

",contact@prodiving.asia,2026-03-12 10:01:50.741687+00,2026-04-07 21:26:24.045007+00
0153671c-fc29-4197-90d1-b4827336b2ad,instructor,en,bottom_cta,text,Send Booking Request,,2026-03-28 13:19:45.973231+00,2026-03-28 13:19:45.973231+00
0213f285-684d-4d8e-9505-7336dd66c613,msdt-program,nl,why_title,text,Waarom MSDT worden?,,2026-03-28 13:22:02.219507+00,2026-03-28 13:22:02.219507+00
02204905-af91-4373-b112-ea1fccc8032d,green-sea-turtle,nl,behavior,text,Brengt het grootste deel van de tijd grazend door op zeegrasvelden en migreert over lange afstanden om te nestelen. Jonge schildpadden maken een gevaarlijke tocht van strand naar zee.,seed-script,2026-03-28 14:15:08.09076+00,2026-03-28 14:15:08.09076+00
02294405-a785-4612-9a93-a1e38fc1dd22,fun-diving,en,fun_diving_ready_cta1,text,View Pricing & Schedules,,2026-03-27 12:57:03.657442+00,2026-03-27 13:12:21.590858+00
022dee60-ed5d-41e5-abe7-336fa27947a1,marine-life-page,en,hero_text,text,"Discover the impressive biodiversity of Koh Tao’s underwater world, with over 350 fish species and remarkable marine animals.",seed-script,2026-03-28 14:15:08.526272+00,2026-03-28 14:15:08.526272+00
0243b066-5737-40fb-957b-188816e7def6,contact,nl,subject_option_1,text,Cursus informatie,contact@prodiving.asia,2026-03-12 13:34:35.256812+00,2026-03-14 18:57:12.645596+00
0296f192-c9a9-4faa-8062-2fdce7f615c2,home,en,course_divemaster_price,text,"฿41,000",contact@prodiving.asia,2026-03-12 10:01:50.741687+00,2026-03-16 18:01:39.262481+00
02ebb95c-6aeb-4761-95d8-ca06f827846f,advanced,en,section_2_content,text,Open Water Diver certification (or equivalent) and minimum age of 12.,seed-script,2026-03-28 14:22:36.581793+00,2026-03-28 14:24:15.888987+00
031eab71-5d9a-4abc-9afb-843b57ea4d03,home,nl,course_divemaster_price_eur,text,1090,contact@prodiving.asia,2026-03-12 10:57:14.010608+00,2026-03-14 18:50:05.442579+00
033aa712-7064-4158-a2fd-bf9b9f250499,koh-tao-info,en,highlights_list,text,"World-class dive sites and dive schools
Beautiful viewpoints and hiking routes
Relaxed nightlife and beach bars
Fresh seafood and Thai cuisine
Friendly local community",,2026-03-28 13:31:13.441375+00,2026-03-28 13:31:13.441375+00
033bd779-f638-4263-92e6-bff66ae06998,green-sea-turtle,en,photography_tips,text,"Approach slowly and avoid sudden movements
Shoot at water level for a stronger perspective
Include the turtle’s habitat in your composition
Use natural light and avoid flash
Be patient and let the turtle come to you
Respect their space and never chase them",seed-script,2026-03-28 14:15:08.09076+00,2026-03-28 14:15:08.09076+00
037202cd-04ea-4f10-a25a-bd9c303cec69,msdt-program,en,why_title,text,Why Become an MSDT?,,2026-03-28 13:22:02.219507+00,2026-03-28 13:22:02.219507+00
0374820d-1944-45c1-93bd-8dc0567ec282,instructor,en,sidebar_note,text,Contact us for a tailored Instructor pathway and exam dates.,,2026-03-28 13:19:45.973231+00,2026-03-28 13:19:45.973231+00
03af01be-80ce-4b82-b72f-95563f1a6e38,scuba-diver,nl,duration,text,2-3 dagen,seed-script,2026-03-12 14:55:52.765748+00,2026-03-28 14:24:15.888987+00
03f482f4-2c59-4248-9283-6a74691f4156,contact,nl,location_title,text,Locatie,contact@prodiving.asia,2026-03-12 10:14:37.06477+00,2026-03-14 18:57:12.645596+00
04557acd-02bb-4163-9e35-a34df4ffdb19,advanced,nl,price_thb,text,9500,seed-script,2026-03-28 14:22:36.581793+00,2026-03-28 14:24:15.888987+00
055525b2-75ea-45eb-95f9-aa3f60bb4f05,specialty/night-diver,en,hero_subtitle,text,Experience the underwater world after dark — a completely different perspective.,contact@prodiving.asia,2026-03-12 10:27:14.506533+00,2026-03-12 10:27:41.009635+00
05d10118-2264-47f4-b021-e912eaa74d60,chumphon-pinnacle,nl,quick_facts_location,text,30 minuten uit de kust,,2026-03-27 13:40:10.789117+00,2026-03-28 21:03:37.497664+00
05faf1d0-0fb7-4b09-9928-c7b9480ad993,chumphon-pinnacle,en,overview,text,"Chumphon Pinnacle is one of Koh Tao's most spectacular deep dive sites, located 30 minutes offshore. This granite pinnacle rises dramatically from the deep ocean floor, creating a natural cleaning station for large marine life. The site is particularly famous for its reliable whaleshark sightings, with these gentle giants often cruising the depths. Massive schools of trevally and chevron barracuda create mesmerizing displays, while eagle rays and other pelagics add to the excitement. The pinnacle's structure provides excellent swim-through opportunities and superb photographic subjects..test",,2026-03-27 13:40:10.789117+00,2026-04-09 11:24:36.795351+00
063a2aa4-b2df-414c-a261-7ecd4c4cc40c,discover-scuba,en,faq_2_answer,text,No. DSD is specifically designed for first-time divers and beginners.,seed-script,2026-03-28 14:22:37.204447+00,2026-03-28 16:44:59.316524+00
06647a81-36b5-4bbe-bbfa-8e13c2435e94,home,en,course_rescue_level,text,rescue,contact@prodiving.asia,2026-03-12 10:01:50.741687+00,2026-03-27 12:17:14.230573+00
074463b8-0ce9-4b91-941f-2cdb6078a096,contact,en,location_line_1,text,"Sairee Beach, Koh Tao",contact@prodiving.asia,2026-03-12 14:31:13.936296+00,2026-04-06 04:40:49.337206+00
07a78d66-b4af-41a8-afa1-8c407b81ff1b,home,en,course_advanced_price_usd,text,275,contact@prodiving.asia,2026-03-12 13:33:29.379002+00,2026-03-16 18:01:39.262481+00
07c7d16f-6ac1-476b-949a-8392ace1b52f,koh-tao-dive-sites,en,coral_title,text,Beautiful coral reef sites,seed-script,2026-03-28 14:03:22.715903+00,2026-03-28 14:03:22.715903+00
080034ae-6bed-4d26-bbab-145dfeaaed46,food-drink,en,taste_title,text,Must-try dishes,,2026-03-28 13:42:12.192138+00,2026-03-28 13:42:12.192138+00
0835cb2c-63bd-4f80-b52b-169fb7003bac,koh-tao-dive-sites,en,book_dive,text,Book your dive,seed-script,2026-03-28 14:03:22.715903+00,2026-03-28 14:03:22.715903+00
086f6c0d-8c98-4b1e-a000-b3c490851e33,japanese-gardens,en,quick_facts_location,text,Near Koh Nang Yuan,,2026-03-27 13:40:10.789117+00,2026-03-28 12:47:09.516174+00
08f45c60-84e4-4dc9-b499-e7f0dd9e0c69,marine-life-page,nl,sea_turtles,text,"Groene zeeschildpad|Plantenetende zeeschildpadden die grazen op zeegras en algen, vaak gezien in ondiepe baaien.|Tot 1,5m|Ondiepe baaien en riffen|Hele jaar|/marine-life/green-sea-turtle
Karetschildpad|Mooie schildpadden met een kenmerkende snavelvormige bek, bekend om het eten van sponsen.|Tot 1m|Koraalriffen|Hele jaar|/marine-life/hawksbill-sea-turtle",seed-script,2026-03-28 14:15:08.842017+00,2026-03-28 14:15:08.842017+00
09861b9b-e693-4b4d-a70a-63cdffead851,instructor,en,hero_subtitle,text,Train to become a PADI Instructor and teach divers worldwide. The Instructor Development Course (IDC) prepares candidates to lead courses and certify students.,,2026-03-28 13:19:45.973231+00,2026-03-28 13:19:45.973231+00
09c24450-93be-4c8e-9ffb-f721e9e285ea,south-west-pinnacle,en,quick_facts_location,text,30-40 minutes offshore,,2026-03-27 13:40:10.789117+00,2026-03-31 17:55:41.76794+00
09d4c8e7-5105-4364-8594-65e2131881b4,home,nl,about_map_alt,text,Map van Koh Tao en duik plekken,contact@prodiving.asia,2026-03-12 10:57:14.010608+00,2026-03-14 18:50:05.442579+00
0a3d99fc-cda6-415c-80ea-a0a6b6c530a9,contact,en,subject_option_2,text,Dive Trip Booking,contact@prodiving.asia,2026-03-12 14:31:13.936296+00,2026-04-06 04:40:49.337206+00
0a61f5b1-09d6-45b3-b51c-7a8c8aca35b6,chumphon-pinnacle,nl,images,text,"https://www.divinginasia.com/images/chumphon-pinnacle-top.webp
https://www.divinginasia.com/images/photo-1682686580849-3e7f67df4015.avif
https://www.divinginasia.com/images/photo-1613853250147-2f73e55c1561.avif
https://www.divinginasia.com/images/photo-1618865181016-a80ad83a06d3.avif
https://www.divinginasia.com/images/photo-1647825194145-2d94e259c745.avif
https://www.divinginasia.com/images/photo-1659518893171-b15e20a8e201.avif
https://www.divinginasia.com/images/photo-1682687982423-295485af248a.avif",,2026-03-27 17:57:19.248922+00,2026-03-28 12:47:09.516174+00
0a831527-f1b5-465a-a19f-52773961a780,japanese-gardens,en,diving_tips,text,"Best time is November-May for visibility.
Look for unique triggerfish and octopus.
Great for underwater photography.",,2026-03-27 13:40:10.789117+00,2026-03-28 12:47:09.516174+00
0ac5aa44-b2fb-400c-a5a6-9c8b02fef403,htms-sattakut,en,quick_facts_best_time,text,"Year-round, best during dry season",,2026-03-27 13:40:10.789117+00,2026-03-28 20:54:03.477122+00
0aded3f1-bcc0-4e08-a825-e6a8b11d4909,food-drink,nl,subtitle,text,"Ontdek heerlijke Thaise gerechten, verse seafood en strandbars bij zonsondergang.",,2026-03-28 13:42:12.192138+00,2026-03-28 13:42:12.192138+00
0ae4a1b5-3b03-4d3d-85f3-8863551fb98d,admin-finance,en,course_deposit_rate,text,5,,2026-03-28 18:33:20.274249+00,2026-04-11 03:41:00.84257+00
0b015e1b-fea1-4c7c-ab79-06dccb61482f,scuba-review,en,hero_subtitle,text,Haven't dived in a while? no problemRefresh your skills with a professional instructor.,contact@prodiving.asia,2026-03-14 19:44:35.703938+00,2026-03-27 16:34:52.782657+00
0b98bcd2-dc6e-4a25-bd10-3680c3ea4b91,contact,en,details_title,text,Contact Us,contact@prodiving.asia,2026-03-12 14:31:13.936296+00,2026-04-06 04:40:49.337206+00
0baac768-6adf-44d8-98d3-7ea22ba34f14,viewpoints-koh-tao,nl,subtitle,text,Adembenemende panorama's en onvergetelijke fotomomenten.,,2026-03-28 13:42:12.192138+00,2026-03-28 13:50:12.131579+00
0c0feab7-7ea2-40a5-a8fe-7c63c361ef03,scuba-diver,en,section_1_content,text,"Basic scuba diving theory and physics
Proper use of scuba equipment
Fundamental diving skills and safety procedures
Underwater communication and buddy system
Shallow water exploration and reef appreciation
Environmental awareness and marine conservation",seed-script,2026-03-28 14:22:36.581793+00,2026-03-28 14:24:15.888987+00
0c23f552-7ba2-4b97-8286-3c7bab3fef25,shark-island,nl,overview,text,"Shark Island ligt aan de zuidkust van Koh Tao en staat bekend om spectaculaire koraalformaties en hoge biodiversiteit. Je vindt hier prachtige paarse zachte boomkoralen en kleurrijke gorgonen, waaronder grote zeewaaiers en dynamische zweepkoralen die meebewegen met de stroming. Zwartpuntrifhaaien worden hier regelmatig gezien terwijl ze langs het rif trekken - daar dankt de site haar naam aan. Het onderwaterlandschap met met koraal bedekte rotsblokken en zandstroken creëert gevarieerde habitats. Door de kleur en het vaak goede zicht is dit een favoriete plek voor onderwaterfotografie.",,2026-03-27 13:40:10.789117+00,2026-03-28 12:47:09.516174+00
0cb8a816-042c-478a-bf00-232c78bbb53d,sail-rock,en,images,text,"https://www.divinginasia.com/images/sailrock.webp
https://www.divinginasia.com/images/photo-1613853250147-2f73e55c1561.avif
https://www.divinginasia.com/images/photo-1618865181016-a80ad83a06d3.avif
https://www.divinginasia.com/images/photo-1647825194145-2d94e259c745.avif
https://www.divinginasia.com/images/photo-1682686580849-3e7f67df4015.avif
https://www.divinginasia.com/images/photo-1682687982423-295485af248a.avif",,2026-03-27 15:18:53.136052+00,2026-03-28 12:47:09.516174+00
0cbf6ad4-5565-4878-a2a3-b4e81bfe68cc,home,nl,course_rescue_max_depth,text,30m,contact@prodiving.asia,2026-03-12 10:57:14.010608+00,2026-03-14 18:50:05.442579+00
0cdd9117-30be-41a8-884f-98d33ff644d6,contact,en,location_title,text,Location,contact@prodiving.asia,2026-03-12 14:31:13.936296+00,2026-04-06 04:40:49.337206+00
0ce02689-d114-42d7-803c-6574437788bb,idc,nl,course_overview,text,"translate Program Overview.The Instructor pathway trains experienced divers to teach and certify new divers. The IDC includes teaching presentations, student evaluations and practical teaching experience with support from experienced staff instructors.

Prerequisites
Prerequisite: PADI Divemaster (or equivalent), current EFR, and a minimum number of logged dives as required by PADI. Candidates must complete Instructor exams and assessments.

What you'll learn
Teaching and presentation skills
Course management and student evaluation
Risk management and leadership
Marketing and business development for instructors
Inclusions
IDC materials and PADI registration
Practical teaching sessions and mentoring
Exam preparation and exam fees (where applicable).
",,2026-03-28 13:10:40.754266+00,2026-03-28 13:14:49.524577+00
0d4e193b-224f-48e0-9d81-3d66aa4695d9,home,en,course_rescue_duration,text,3 days,contact@prodiving.asia,2026-03-12 10:01:50.741687+00,2026-03-16 18:01:39.262481+00
0d6a2fb6-b841-4b57-86b8-3e1c9b59915f,koh-tao-dive-sites,en,deep_title,text,Deep dive sites for advanced divers,seed-script,2026-03-28 14:03:22.715903+00,2026-03-28 14:03:22.715903+00
0d7b99ab-5c00-4805-9c7e-7c0a1e7391a0,dive-sites/chumphon-pinnacle,en,diving_tips,text,Advanced certification recommended due to depth and current Early morning departures maximize wildlife sightings Wide-angle photography lens recommended for large subjects Stay with your dive guide in moderate currents Perfect for deep diving specialty courses Whalesharks are most active during incoming tides Bring a good quality underwater camera,,2026-03-28 20:43:16.430069+00,2026-03-28 20:54:03.477122+00
0dd02144-940e-440d-861d-f8146318accb,japanese-gardens,en,what_you_can_see,text,"Pink Tailed Triggerfish
Ocellated Eagle Rays
Colorful Corals
Marbled Octopus",,2026-03-27 13:40:10.789117+00,2026-03-28 12:47:09.516174+00
0df78e69-5520-4c79-b458-2d45327da4d4,food-drink,nl,taste_title,text,Aanraders om te proeven,,2026-03-28 13:42:12.192138+00,2026-03-28 13:42:12.192138+00
0dfff36b-2cd3-4e93-a0c7-b70027927a15,medical-services,en,cta_travel_info,text,Travel information,,2026-03-28 13:46:34.702478+00,2026-03-28 13:46:34.702478+00
0e4051a0-92f9-49b3-837b-5edd3059bf42,home,en,course_instructor_title,text,PADI Instructor,contact@prodiving.asia,2026-03-12 10:01:50.741687+00,2026-03-16 18:01:39.262481+00
0e4782a1-72f3-4404-952c-22272137cd0c,htms-sattakut-test,en,quick_facts_location.,text,Between islands,,2026-03-27 13:40:10.789117+00,2026-04-07 18:03:34.571891+00
0ee5f50f-de10-4caf-a3cc-094d60ca5d38,instructor,nl,faq_3_a,text,"Absoluut. Na je instructeurscertificering kun je verder doorgroeien met pro-level trajecten zoals MSDT en meer, afhankelijk van je ervaring en doelen.",,2026-03-28 13:19:45.973231+00,2026-03-28 13:19:45.973231+00
0efb7de3-0606-452f-b9df-b3c73916ae3e,rescue,nl,main,text,"De Rescue Diver-cursus leert je duiknoodsituaties te voorkomen en te beheersen, reddingen uit te voeren en met vertrouwen als onderdeel van een duikteam te werken.",seed-script,2026-03-19 09:27:05.848954+00,2026-03-28 14:24:16.617176+00
0f08c70f-1e6e-455b-b7ec-aeabe0987318,skills-covered,en,skillscovered,text,,,2026-03-27 12:19:27.32903+00,2026-03-27 12:19:27.32903+00
0f34883e-6e8a-4d07-af1c-2811082ca7d0,sail-rock,nl,what_you_can_see,text,"Walvishaaien
Reuzenbarracuda
Malabar tandbaars
Zeilvis",,2026-03-27 13:40:10.789117+00,2026-03-28 12:47:09.516174+00
0f438398-09c3-4f9d-a7dd-eca81c95e718,open-water,nl,price_eur,text,290,contact@prodiving.asia,2026-03-12 14:50:04.862246+00,2026-03-19 09:07:24.603478+00
0f4e9385-d80a-4257-b493-6ba054705979,weather-koh-tao,en,climate_title,text,Climate & seasons,,2026-03-28 13:46:34.702478+00,2026-03-28 13:46:34.702478+00
102bda87-0ebb-4c52-88fa-e7b649bfba42,discover-scuba,en,section_2_title,text,What is included,seed-script,2026-03-28 14:22:37.204447+00,2026-03-28 16:44:59.316524+00
103cf350-bd43-4d95-b5bd-2accc8410575,skills-covered,nl,skillscovered,text,,,2026-03-28 13:10:40.754266+00,2026-03-28 13:10:40.754266+00
10531341-effe-40fd-806e-7b86984c5429,scuba-diver,nl,section_2_title,text,Cursusopbouw,seed-script,2026-03-28 14:22:37.204447+00,2026-03-28 14:24:16.326594+00
10e64cff-49d9-4632-8e25-dc4884b0961b,rescue,nl,price_eur,text,265,seed-script,2026-03-14 11:19:45.578131+00,2026-03-28 14:24:16.617176+00
116277c4-f5bf-42c7-b786-be802c0dacb9,twins-pinnacle,en,overview,text,"Twins Pinnacle is the most popular dive site on Koh Tao, featuring three granite pinnacles, abundant marine life, and suitable for all certification levels.",,2026-03-27 13:40:10.789117+00,2026-03-31 18:15:13.733654+00
12254160-0b57-4eff-a0bd-9dc4a1a76d73,scuba-diver,nl,hero_title,text,PADI Scuba Diver-cursus,seed-script,2026-03-12 14:55:52.765748+00,2026-03-28 14:24:15.888987+00
1258e780-4378-4e70-bd72-69d61a1b784b,scuba-diver,en,section_1_title,text,What you'll learn,seed-script,2026-03-28 14:22:36.581793+00,2026-03-28 14:24:15.888987+00
126230c8-bafa-4ea5-98a6-45a49cd2b443,koh-tao-dive-sites.,en,overview_text,text,"Koh Tao has over 25 excellent dive sites with varied topography and abundant marine life. Each site is unique and offers something different for every diver level, with enough variety to keep experienced divers engaged for weeks.",seed-script,2026-03-28 14:03:22.715903+00,2026-04-07 18:05:16.840014+00
12c01303-3b55-4748-9a0f-7c2d780f7784,contact,en,phone_line_1,text,+66 77 456 789,contact@prodiving.asia,2026-03-12 14:31:13.936296+00,2026-04-06 04:40:49.337206+00
133fbb2a-9020-4efb-a68f-fd3dacc3cf85,marine-life-page,nl,label_more,text,Meer info,seed-script,2026-03-28 14:15:08.842017+00,2026-03-28 14:15:08.842017+00
135056a7-4af4-4582-8062-c6fe175a75a8,pro-level-courses,nl,courses_list,text,"PADI Divemaster-cursus|/courses/divemaster
PADI Instructor-cursus|/courses/instructor
EFR Instructor-cursus
PADI MSDT-programma|/courses/msdt-program
IDC Staff Instructor
PADI IDC-schema
Instructor-specialties
AWARE Fish ID
Boot Instructor
Deep Instructor
DPV Instructor
Emergency O2 Provider
Equipment Instructor
Night Diving Instructor
Nitrox Instructor
Search & Recovery
Self Reliant Instructor
Sidemount Instructor
Underwater Naturalist
Underwater Navigator
Wreck Instructor
MSDT Instructor Specialty-cursussen Koh Tao - Sidemount",,2026-03-28 13:23:24.29037+00,2026-03-28 13:23:24.29037+00
1355cb37-6769-41d7-9be3-6bad109cfcdd,blacktip-reef-shark,en,frequency,text,Very common on shallow reefs,seed-script,2026-03-28 14:15:08.526272+00,2026-03-28 14:15:08.526272+00
13f319de-5212-4945-a874-ca75b3d901d5,koh-tao-dive-sites,nl,booking_text,text,Klaar om de geweldige duiklocaties van Koh Tao te ontdekken? Onze ervaren gidsen nemen je mee naar de beste plekken voor jouw niveau en interesses.,seed-script,2026-03-28 14:03:22.715903+00,2026-03-28 14:03:22.715903+00
14800687-fdc3-4c75-83dd-90da0742be4a,marine-life-page,nl,cta_courses,text,Bekijk cursussen,seed-script,2026-03-28 14:15:08.842017+00,2026-03-28 14:15:08.842017+00
14900645-ccd4-46f0-a36d-c0016d087415,advanced,nl,hero_title,text,PADI Advanced Open Water-cursus,seed-script,2026-03-19 11:03:35.689961+00,2026-03-28 14:24:15.888987+00
149ba278-5717-4bac-9e4a-687461e3bb96,pro-level-courses,nl,footer_title,text,Informatie / Boek een pro-cursus,,2026-03-28 13:23:24.29037+00,2026-03-28 13:23:24.29037+00
14a44422-451f-4b14-bbcf-8d9a4e2ed4b4,japanese-gardens,en,overview,text,"Japanese Gardens is a beautiful dive site near Koh Nang Yuan, known for its diverse coral reef and abundant marine life. Suitable for all levels.",,2026-03-27 13:40:10.789117+00,2026-03-28 12:47:09.516174+00
14c9b450-bca8-44dd-b7ff-d8fbee308fd2,advanced,nl,section_1_title,text,Wat je doet test,seed-script,2026-03-28 14:22:36.581793+00,2026-04-05 06:14:46.581415+00
14d39d8e-b530-4cf6-b1f1-7b3ca66081d9,shark-island,nl,marine_life_highlights,text,"Zwartpuntrifhaaien
Diverse rifvissen
Gorgoon-zeewaaiers
Zachte boomkoralen
Anthias
Papegaaivissen en lipvissen
Murenen
Naaktslakken en andere ongewervelden",,2026-03-27 13:40:10.789117+00,2026-03-28 12:47:09.516174+00
14d504a9-7cbb-4d8f-8025-ae9fe844bf3f,accommodation,nl,nights,text,Aantal nachten,,2026-03-27 11:51:48.105016+00,2026-03-28 20:56:02.462461+00
14f15813-8b99-4da0-b383-4afbbe90b805,hawksbill-sea-turtle,en,best_time,text,Year-round,seed-script,2026-03-28 14:15:08.526272+00,2026-03-28 14:15:08.526272+00
153d7421-6a50-4ed5-8768-867bb95d4258,dive-sites/south-west-pinnacle,en,what_you_can_see,text,,,2026-03-31 17:55:41.76794+00,2026-03-31 17:55:41.76794+00
15464b83-a304-420b-802e-ca70a6a5fe4a,marine-life-page,nl,reef_sharks,text,"Zwartpuntrifhaai|Veelvoorkomende rifhaaien met kenmerkende zwarte vinpunten, vaak jagend in ondiep water.|Tot 2m|Koraalriffen|Hele jaar|/marine-life/black-tip-reef-shark
Grijze rifhaai|Schuwere rifhaaien die dieper water verkiezen en minder vaak worden gezien.|Tot 2,5m|Diepe riffen|Hele jaar|",seed-script,2026-03-28 14:15:08.842017+00,2026-03-28 14:15:08.842017+00
15879881-e6ad-45aa-810b-846442c1ccc3,mango-bay,en,images,text,https://www.divinginasia.com/images/mango-bay.webp,,2026-03-27 16:24:21.72643+00,2026-03-28 12:47:09.516174+00
15de0039-4332-4c6a-8e70-e43a7251d8b1,green-sea-turtletest,en,diet,text,"Seagrass, algae, marine plants",seed-script,2026-03-28 14:15:08.09076+00,2026-04-05 08:13:53.01576+00
15effe06-b46a-4b4d-b50c-28273ecdb988,idc,nl,hero_title,text,Instructor Training,,2026-03-28 13:10:40.754266+00,2026-03-28 13:14:49.524577+00
1659a08b-6607-4926-8386-008455b30c8e,marine-life-pagetest,en,label_habitat,text,Habitat,seed-script,2026-03-28 14:15:08.526272+00,2026-04-05 08:09:43.889491+00
16bd2e40-40e1-4859-a6a3-8126582f542d,contact,en,follow_title,text,Follow Us,contact@prodiving.asia,2026-03-12 14:31:13.936296+00,2026-04-06 04:40:49.337206+00
171ddd3f-1315-4779-baf3-0dbeafee0be8,how-to-get-here,nl,tip,text,Tip: boek ferrytickets in het hoogseizoen op tijd. De meeste ferries komen aan bij Mae Haad Pier.,,2026-03-28 13:42:12.192138+00,2026-03-28 13:42:12.192138+00
17535187-e943-449f-b9f5-82aead486e78,discover-scuba,en,price_usd,text,72,seed-script,2026-03-27 10:52:08.104218+00,2026-03-28 16:44:59.316524+00
17b37fd0-ab5c-4f01-9943-f2b5c945697e,how-to-get-here,en,title,text,How to get to Koh Tao,,2026-03-28 13:42:12.192138+00,2026-04-05 06:36:08.960566+00
17b8d074-f634-4ded-ad0c-0db4b97c35e6,fun-diving,en,fun_diving_world_class_title,text,World-Class Dive Sites,,2026-03-27 12:57:03.657442+00,2026-03-27 12:57:03.657442+00
17bfae90-61c5-407e-a4b2-4f6e992fec53,home,nl,course_advanced_description,textarea,"Build confidence underwater, improve navigation, and unlock deeper dive adventures.Versterk je vertrouwen onderwater en verleg je grenzen.",contact@prodiving.asia,2026-03-12 10:57:14.010608+00,2026-03-14 18:50:05.442579+00
1800f65e-c4c7-483d-a2b7-bc298eec5fa9,instructor,nl,faq_2_q,text,Kan ik direct na de IDC als PADI-instructeur werken?,,2026-03-28 13:19:45.973231+00,2026-03-28 13:19:45.973231+00
18868f86-1be9-41c3-aecf-fb6ee4f281a1,main,en,contact,text,Your contact info here,,2026-03-19 09:30:15.75136+00,2026-03-19 09:30:15.75136+00
19b36262-d720-41a4-9b62-0e498297f534,weather-koh-tao,en,cta_plan_activities,text,Plan activities,,2026-03-28 13:46:34.702478+00,2026-03-28 13:46:34.702478+00
19be12c4-7e59-4c1f-8444-dc00649f0c03,specialty/night-diver,en,price_eur,text,172,contact@prodiving.asia,2026-03-12 10:27:14.506533+00,2026-03-12 10:27:41.009635+00
19d5ed8f-e9ba-437e-a7ea-45c4dba18396,discover-scuba,nl,section_1_title,text,Hoe werkt het?,seed-script,2026-03-28 14:22:37.204447+00,2026-03-28 14:24:16.326594+00
1a126263-84cf-4cb5-8e67-9aec50565b07,home,en,hero_primary_cta,text,Book Now,contact@prodiving.asia,2026-03-12 10:01:50.741687+00,2026-03-16 18:01:39.262481+00
1a847e95-7dca-4d58-823a-6abd9c0be8b0,fun-diving,en,fun_diving_trips_title,text,Trips & Programs,,2026-03-27 12:57:03.657442+00,2026-03-27 12:57:03.657442+00
1a86be35-585a-45d9-8309-166d8518e0a3,koh-tao-info,nl,highlights_title,text,Hoogtepunten van het eiland,,2026-03-28 13:31:13.441375+00,2026-03-28 13:31:13.441375+00
1abb690e-f452-46cc-b01b-bb3b4894a35d,scuba-diver,en,hero_title,text,PADI Scuba Diver Course,seed-script,2026-03-12 14:56:23.775431+00,2026-03-28 14:24:15.888987+00
1abf5a53-9d56-4cbe-8840-afce15e14266,discover-scuba,nl,course_overview,text,"Discover Scuba Diving is gemaakt voor niet-gecertificeerde duikers die veilig willen kennismaken met echt duiken onder begeleiding van een professionele instructeur. Je start met een korte briefing en basisvaardigheden in beschut water, daarna ga je naar ondiep open water.",seed-script,2026-03-28 13:10:40.754266+00,2026-03-28 14:24:16.326594+00
1b1a053c-14af-4a5e-8d85-e254c554d2de,contact,nl,subject_option_4,text,Algemene vragen,contact@prodiving.asia,2026-03-12 13:34:35.256812+00,2026-03-14 18:57:12.645596+00
1b939feb-cccc-4c10-8feb-cbe4a6a69b05,rescue,nl,course_overview,text,"De Rescue Diver-cursus leert je duiknoodsituaties te voorkomen en te beheersen, reddingen uit te voeren en met vertrouwen als onderdeel van een duikteam te werken.",seed-script,2026-03-14 11:19:45.578131+00,2026-03-28 14:24:16.617176+00
1b9b1a98-9c6b-48a8-a89f-306217802878,blacktip-reef-shark,nl,size,text,"Tot 2m (6,5ft), 13kg",seed-script,2026-03-28 14:15:08.526272+00,2026-03-28 14:15:08.526272+00
1bcc5c9d-2c41-43d5-8d4d-c9622f86d451,weather-koh-tao,nl,paragraph,text,"De meeste activiteiten zijn het hele jaar mogelijk, maar controleer de voorspelling voordat je een boottrip plant. Het droge seizoen biedt meestal de beste duikomstandigheden met kalme zee en goed zicht.",,2026-03-28 13:46:34.702478+00,2026-03-28 13:46:34.702478+00
1c4f161e-af4f-42ed-8690-681a0e0ec499,food-drink,nl,intro,text,"Probeer lokale favorieten zoals Pad Thai, Som Tam en vers gegrilde vis. Op Koh Tao vind je alles: van eenvoudige strandtentjes tot luxe restaurants.",,2026-03-28 13:42:12.192138+00,2026-03-28 13:42:12.192138+00
1d70ebab-c491-49e3-a73f-487e3cf4a9b4,accommodation,nl,featuresTitle,text,Wat je kunt verwachten,,2026-03-27 11:51:48.105016+00,2026-03-28 20:56:02.462461+00
1e42bbe4-c077-411d-a6e1-35bc3c2ad835,hawksbill-sea-turtle,nl,diet,text,"Sponzen, zakpijpen, kwallen",seed-script,2026-03-28 14:15:08.526272+00,2026-03-28 14:15:08.526272+00
1e7c0276-b89a-49ab-8d4f-42bb9f24fa26,koh-tao-dive-sites,en,stat4_text,text,Sites for beginners through advanced divers,seed-script,2026-03-28 14:03:22.715903+00,2026-03-28 14:03:22.715903+00
1e9742ad-6bb1-47d1-86d1-b29c9c6593c5,mastersc,en,msdst,text,est,,2026-03-29 16:33:45.723818+00,2026-03-29 16:36:44.393773+00
1e982a94-d6ee-4aed-8110-41b4884d63d2,home,en,course_discover_scuba_description,textarea,No certification required. The perfect first step to experience scuba diving safely.,contact@prodiving.asia,2026-03-12 10:01:50.741687+00,2026-03-16 18:01:39.262481+00
1ef6656c-c38b-4a19-a1cb-f99f1c836c7d,blacktip-reef-shark,en,detailed_description,text,"The blacktip reef shark is one of the most commonly seen shark species on Koh Tao reefs and is crucial for ecological balance. The species is named for the black tips on its fins. During the day they actively patrol the reef and sometimes rest in small caves. They are generally not aggressive toward humans and offer an exciting yet safe diving experience. During breeding season, juveniles are seen more frequently, creating great opportunities for divers and snorkelers.",seed-script,2026-03-28 14:15:08.526272+00,2026-03-28 14:15:08.526272+00
1f236810-4e7a-476c-b2db-1a203a9d13e9,instructor,nl,section_inclusions_items,text,"IDC-materialen en PADI-registratie
Praktijklessen en mentoring
Examenvoorbereiding en examenkosten (waar van toepassing)",,2026-03-28 13:19:45.973231+00,2026-03-28 13:19:45.973231+00
1f98b30a-2470-4207-81b5-a7512f1bb0bd,japanese-gardens,nl,diving_tips,text,"Beste periode november-mei voor zicht
Zoek naar unieke triggerfish en octopus
Geweldig voor onderwaterfotografie",,2026-03-27 13:40:10.789117+00,2026-03-28 12:47:09.516174+00
1ff8efc4-83ea-40a3-b15d-7fbc5e1e043a,specialty/night-diver,en,price_usd,text,188,contact@prodiving.asia,2026-03-12 10:27:14.506533+00,2026-03-12 10:27:41.009635+00
201cb9e5-275b-4c4a-9ba0-83b3bb5cb1e6,advanced,nl,section_3_title,text,Inbegrepen,seed-script,2026-03-28 14:22:36.581793+00,2026-03-28 14:24:15.888987+00
2058021d-f7fb-4bae-a309-27b4fa50c527,weather-koh-tao,nl,subtitle,text,Plan je reis met inzicht in het tropische klimaat van Koh Tao.,,2026-03-28 13:46:34.702478+00,2026-03-28 13:46:34.702478+00
20d75181-2df1-44e6-8263-742e9b9b8fec,things-to-do,nl,title,text,Wat te doen op Koh Tao,,2026-03-28 13:31:13.441375+00,2026-03-28 13:31:13.441375+00
20eb4605-b561-4fb3-a58b-465a95a6e47f,home,nl,course_discover_scuba_level,text,Beginner,contact@prodiving.asia,2026-03-12 10:57:14.010608+00,2026-03-14 18:50:05.442579+00
21800c9e-2c20-411e-937f-ff6772bef7cb,things-to-do,nl,note,text,Koh Tao is meer dan alleen duiken - er is genoeg te ontdekken op land en zee.,,2026-03-28 13:31:13.441375+00,2026-03-28 13:31:13.441375+00
21aed9fa-6882-45ab-8059-f8e3f4be57c2,divemaster,nl,hero_subtitle,text,"Begin je professionele duikcarriere. Leer leiderschaps-, supervisie- en duikbeheervaardigheden.",contact@prodiving.asia,2026-03-12 15:13:41.90407+00,2026-03-28 13:24:35.370944+00
21ba486c-cec8-42c3-9ce5-72d2f97845a0,viewpoints-koh-tao,nl,cta_hiking_activities,text,Wandelen & activiteiten,,2026-03-28 13:42:12.192138+00,2026-03-28 13:50:12.131579+00
21ca4c69-393d-4910-a47e-ed4eb2072d8a,hawksbill-sea-turtle,en,detailed_description,text,"The hawksbill sea turtle is a critically endangered species with a distinctive beak perfectly adapted to extracting sponges and small organisms from crevices. Their beautiful shell has overlapping scutes that create a mosaic pattern. They play an important role in reef ecosystems by controlling sponge growth. Hawksbills are much shyer than green turtles and require calm, patient observation. Their presence is a sign of a healthy reef, making every sighting especially memorable for divers and snorkelers.",seed-script,2026-03-28 14:15:08.526272+00,2026-03-28 14:15:08.526272+00
22724b80-b6c0-4d76-96f5-7c41de82a172,dive-sites/sail-rock,nl,marine_life_highlights,text,Dutch marine life highlights here gtest,contact@prodiving.asia,2026-03-20 09:07:19.116003+00,2026-03-23 11:39:56.859897+00
228bd395-8bc0-49b0-a158-3b7d3a643bac,htms-sattakut,nl,quick_facts_location,text,Tussen de eilanden,,2026-03-27 13:40:10.789117+00,2026-03-28 12:47:09.516174+00
22ebb9c4-4611-4ede-83da-425c12f37551,south-west-pinnacle,nl,diving_tips,text,"Geschikt voor gevorderde duikers met ervaring in diepe en driftduiken
Gebruik een SMB en blijf tijdens de opstijging bij de groep
Plan je gasvoorraad zorgvuldig door diepte en stroming
Luister goed naar de briefing omdat entry en pickup per dag verschillen",,2026-03-27 13:40:10.789117+00,2026-03-28 12:47:09.516174+00
232fcdb2-fd1c-4513-aa85-4872b330cfa9,Diving tips,en,divig-tips,text,tip1,,2026-03-27 12:53:37.830623+00,2026-03-27 15:35:56.209368+00
233fffb1-a6c9-43c9-a780-898ecae26f58,instructor,en,price_thb,text,68900,,2026-03-28 13:19:45.973231+00,2026-03-28 13:19:45.973231+00
236d1e9d-ae55-4d0b-9d55-216b90b25b87,home,nl,course_rescue_duration,text,3 dagen,contact@prodiving.asia,2026-03-12 10:57:14.010608+00,2026-03-14 18:50:05.442579+00
23a312a6-51cd-429f-acd0-8e7d7f724682,koh-tao-dive-sites,nl,stat4_title,text,Alle niveaus,seed-script,2026-03-28 14:03:22.715903+00,2026-03-28 14:03:22.715903+00
23b50263-f8e6-4dbe-bdd7-714e0d3bbf0b,koh-tao-dive-sites,nl,stat2_title,text,Divers zeeleven,seed-script,2026-03-28 14:03:22.715903+00,2026-03-28 14:03:22.715903+00
2413da27-5601-4a9c-9787-cc665e20f5fc,home,en,course_instructor_max_depth,text,40m,contact@prodiving.asia,2026-03-12 10:01:50.741687+00,2026-03-16 18:01:39.262481+00
242265f4-d1af-46fb-8f68-8d500b1b3fdc,rescue,en,price_eur,text,265,seed-script,2026-03-28 14:22:37.204447+00,2026-03-28 14:24:16.617176+00
24253be4-997b-4076-af12-23d3b74221ab,home,nl,course_efr_title,text,Emergency First Response Cursus,contact@prodiving.asia,2026-03-12 10:57:14.010608+00,2026-03-14 18:50:05.442579+00
242a1201-37eb-4772-ac12-f61c83728bc7,accommodation,nl,bookOurAccommodation,text,Book Our Accommodation,,2026-03-27 11:51:48.105016+00,2026-03-28 20:56:02.462461+00
2454a76d-c750-4d6b-b8a2-cb622dd57d05,divemaster,en,hero_subtitle,text,"Begin your professional diving career. Learn leadership, supervision, and dive management skills.",contact@prodiving.asia,2026-03-10 05:43:53.838953+00,2026-04-05 06:22:38.909171+00
24645d8d-3b4d-4d87-98f6-778057b5f596,divemaster,nl,course_overview,text,"Het Divemaster-programma ontwikkelt je duikleiderschapsvaardigheden, waaronder het superviseren van duikactiviteiten, assisteren van instructeurs en begeleiden van gecertificeerde duikers.",contact@prodiving.asia,2026-03-12 15:13:41.90407+00,2026-03-28 13:24:35.370944+00
247be6a7-e9b3-4871-8acf-e44c9cbe6ecd,koh-tao-dive-sites,en,artificial_title,text,Artificial dive sites,seed-script,2026-03-28 14:03:22.715903+00,2026-03-28 14:03:22.715903+00
24dccb6a-d5a4-4c5b-8117-dad62370e6eb,fun-diving,nl,fun_diving_expert_body,text,Our dive team comprises seasoned and highly knowledgeable dive professionals who have immersed themselves in the local reef ecology and dive sites. Their expertise ensures a safe and enriching diving experience for you.,,2026-03-28 13:10:40.754266+00,2026-03-30 11:23:47.936366+00
24f43f07-3cfc-4482-b658-559437520168,japanese-gardens,nl,overview,text,"Japanese Gardens is een prachtige duiklocatie bij Koh Nang Yuan, bekend om diverse koraalriffen en rijk onderwaterleven. Geschikt voor alle niveaus.",,2026-03-27 13:40:10.789117+00,2026-03-28 12:47:09.516174+00
24f78bfe-02c8-4a3a-806f-54996eef1794,home,nl,about_headline,text,"Een klein eiland,  21 km², hagelwitte stranden, turquoise baaien en omringd door meer dan 15 duik plekken..",contact@prodiving.asia,2026-03-12 10:57:14.010608+00,2026-03-19 11:20:46.954052+00
25073ad5-051e-4029-9152-980735a84a91,htms-sattakut,nl,images,text,"https://www.divinginasia.com/images/htms-sattakut.jpg
https://www.divinginasia.com/images/htms-sattakut-wreck.jpg
https://www.divinginasia.com/images/wreck.jpeg",,2026-03-27 16:24:21.72643+00,2026-03-28 12:47:09.516174+00
250def09-0abf-4d59-a291-d9d1fbddf54a,accommodation,en,bookStay,text,Book Your Stay,,2026-03-27 11:51:48.105016+00,2026-03-28 20:55:30.812602+00
252b2ad1-da2b-4be2-95e6-dd5bd156a2a9,sail-rock,en,quick_facts_location,text,40 minutes offshore,,2026-03-27 13:40:10.789117+00,2026-03-28 12:47:09.516174+00
254416e9-c446-4bc2-925a-3e27e79b0e53,msdt-program,nl,enroll_body,text,"Klaar om PADI Master Scuba Diver Trainer te worden? Neem contact op voor cursusdata, prijzen en advies over je specialty-keuzes.",,2026-03-28 13:22:02.219507+00,2026-03-28 13:22:02.219507+00
25b6ea56-bad8-4822-9c80-6aef957e3ed6,msdt-program,nl,included_title,text,Wat is inbegrepen,,2026-03-28 13:22:02.219507+00,2026-03-28 13:22:02.219507+00
25dd7c42-7ac4-4350-84a2-9ea0364bafbe,instructor,en,section_prereq_body,text,"Prerequisite: PADI Divemaster (or equivalent), current EFR, and a minimum number of logged dives as required by PADI. Candidates must complete Instructor exams and assessments.",,2026-03-28 13:19:45.973231+00,2026-03-28 13:19:45.973231+00
25edd023-8316-452f-9254-c0b9228c97bc,nudibranchs,nl,detailed_description,text,"Naaktslakken zijn levende kunstwerkjes die je overal op de riffen van Koh Tao kunt vinden. Deze schelploze weekdieren tonen een enorme variatie in kleur, patroon en lichaamsvorm. Met honderden soorten, van vingertopformaat tot bijna handgroot, blijven ze eindeloos boeiend voor macrofotografen en natuurliefhebbers. Juist door hun variatie en fotogenieke gedrag zijn ze geliefde onderwerpen in onderwaterfotografie.",seed-script,2026-03-28 14:15:08.09076+00,2026-03-28 14:15:08.09076+00
26ab0f83-3f44-4515-a49e-d9107346fc9e,chumphon-pinnacle,nl,what_you_can_see,text,"Walvishaaien
Scholen trevally
Adelaarsroggen
Chevron-barracuda",,2026-03-27 13:40:10.789117+00,2026-03-28 21:03:37.497664+00
26f20cca-3177-414d-8919-9b5c637dede0,hawksbill-sea-turtle,en,frequency,text,Seen less often than green sea turtles,seed-script,2026-03-28 14:15:08.526272+00,2026-03-28 14:15:08.526272+00
27629ffe-8103-42f3-a061-761977390e4b,marine-life-page,nl,sharks_title,text,Rifhaaien,seed-script,2026-03-28 14:15:08.842017+00,2026-03-28 14:15:08.842017+00
28078d3b-fa9a-4890-8604-1e0c4af7f643,koh-tao-info,en,description,text,"Koh Tao, which means ""Turtle Island"", is a small paradise in the Gulf of Thailand known for crystal-clear water, colorful coral reefs, and a laid-back island vibe. It is one of the best diving destinations in the world and offers activities for every type of traveler.",,2026-03-28 13:31:13.441375+00,2026-03-28 13:31:13.441375+00
2859752b-cf62-403c-b97a-c275695537c1,nudibranchs,en,habitat,text,"Coral reefs, sandy flats, rocky zones",seed-script,2026-03-28 14:15:08.09076+00,2026-03-28 14:15:08.09076+00
2893567f-4b60-4f14-b667-3f1f23a51a44,rescue,nl,section_1_title,text,Behandelde vaardigheden,seed-script,2026-03-28 14:22:37.579329+00,2026-03-28 14:24:16.617176+00
2936e4a1-26e6-4732-9af8-103a150f6062,marine-life-page,en,macro_title,text,Macro marine life,seed-script,2026-03-28 14:15:08.526272+00,2026-03-28 14:15:08.526272+00
298bf7c2-2994-4400-a9a1-94696c180461,koh-tao-dive-sites,en,artificial_sites,text,"HTMS Sattakut||Former WWII US Navy ship donated by the Thai Navy, now a thriving artificial reef.|18-30m|Wreck exploration,Marine life,Swim-throughs,Historic value|Gevorderd|Between the islands
Junkyard Reef||Artificial steel structures with healthy coral growth and diverse marine life.|8-15m|Artificial structures,Healthy coral,Diverse fish species,Conservation project|Beginner-Gemiddeld|West coast
Buoyancy World||Concrete blocks and pipes that create new ecosystems for marine life.|5-12m|Concrete structures,New coral growth,Small marine life,Educational|Beginner|Aow Leuk",seed-script,2026-03-28 14:03:22.715903+00,2026-03-28 14:03:22.715903+00
29974927-5d07-4a21-9db3-bc86993753ca,contact,nl,opening_hours_line_1,text,Daily: 07:00 - 19:00,contact@prodiving.asia,2026-03-12 10:14:37.06477+00,2026-03-14 18:57:12.645596+00
299aa0b5-402a-450c-934a-583d5d19dddc,open-water,en,hero_title,text,PADI Open Water Course,contact@prodiving.asia,2026-03-09 17:57:14.068604+00,2026-04-05 09:49:05.165101+00
29e521f3-ae32-44a6-882e-3cef9c2df14a,discover-scuba-deluxe,en,hero_title,text,Discover Scuba Deluxe Course,,2026-03-19 12:11:37.004243+00,2026-03-27 10:58:34.403207+00
29e62db7-114f-403d-843b-6442481d3209,dive-sites/chumphon-pinnacle,nl,images,text,"https://www.divinginasia.com/images/chumphon-pinnacle-top.webp
https://www.divinginasia.com/images/photo-1682686580849-3e7f67df4015.avif
https://www.divinginasia.com/images/photo-1613853250147-2f73e55c1561.avif
https://www.divinginasia.com/images/photo-1618865181016-a80ad83a06d3.avif
https://www.divinginasia.com/images/photo-1647825194145-2d94e259c745.avif
https://www.divinginasia.com/images/photo-1659518893171-b15e20a8e201.avif
https://www.divinginasia.com/images/photo-1682687982423-295485af248a.avif",,2026-03-28 20:47:21.080002+00,2026-03-28 20:47:21.080002+00
29f1dd30-0bb5-42dd-b2dd-589806a5db4c,specialty/night-diver,nl,price_eur,text,172,,2026-03-28 13:10:40.754266+00,2026-03-28 13:10:40.754266+00
29fb7603-6087-4447-a71e-8ce852a4b644,home,nl,course_open_water_level,text,Beginner,contact@prodiving.asia,2026-03-12 10:57:14.010608+00,2026-03-14 18:50:05.442579+00
2a29f380-5860-4dd2-9058-aa5e42cd26e2,hawksbill-sea-turtle,en,habitat,text,"Coral reefs, rocky zones, coastal waters",seed-script,2026-03-28 14:15:08.526272+00,2026-03-28 14:15:08.526272+00
2a50c6f1-c7ab-471e-a158-bada72e6983e,koh-tao-info,nl,title,text,Over Koh Tao,,2026-03-28 13:31:13.441375+00,2026-03-28 13:31:13.441375+00
2a87b4dd-12dc-4d3c-b88f-252711fc1677,accommodation,nl,continueBooking,text,Ga verder naar boekingsformulier,,2026-03-27 11:51:48.105016+00,2026-03-28 20:56:02.462461+00
2ab23068-089b-42e8-b4b0-94e800cf2b7b,mango-bay,en,marine_life_highlights,text,"Healthy reef ecosystem
Colorful hard and soft corals
Sea anemones
Abundant marine life",,2026-03-27 13:40:10.789117+00,2026-03-28 12:47:09.516174+00
2b21dce5-ad8c-41e2-8633-67065892d8e8,medical-services,nl,insurance,text,"Een goede reisverzekering wordt sterk aangeraden. Neem noodzakelijke medicijnen op recept zelf mee, beschikbaarheid kan beperkt zijn.",,2026-03-28 13:46:34.702478+00,2026-03-28 14:56:21.792803+00
2b568344-ef97-4a8a-b075-47372880d4b2,things-to-do,en,activities_list,text,"Take a snorkeling tour to hidden bays
Join a Thai cooking class
Rent a kayak or paddleboard
Explore the island hiking trails
Relax with a beach massage
Join a yoga or fitness class
Enjoy sunset views from a rooftop bar
Visit local art galleries and markets",,2026-03-28 13:31:13.441375+00,2026-03-28 13:31:13.441375+00
2b73247a-ebb4-44bf-adfe-7f4b3c11d084,home,en,course_discover_scuba_duration,text,1 day,contact@prodiving.asia,2026-03-12 10:01:50.741687+00,2026-03-16 18:01:39.262481+00
2b774b19-9be2-4698-b862-92b96f05a68c,fun-diving,nl,fun_diving_hero_title,text,Fun Diving Course,,2026-03-19 11:39:25.538933+00,2026-03-30 11:23:47.936366+00
2b889acc-88e1-476e-b0ff-56fe767ab8b0,things-to-do,en,cta_viewpoints,text,Viewpoints,,2026-03-28 13:31:13.441375+00,2026-03-28 13:31:13.441375+00
2bc68c8c-4368-45e7-a1c9-0d1b28204509,south-west-pinnacle,nl,quick_facts_best_time,text,"Hele jaar, beste periode bij kalme zee",,2026-03-27 13:40:10.789117+00,2026-03-28 12:47:09.516174+00
2bc6c975-0855-49e6-af4d-fec9f8d297b2,hawksbill-sea-turtle,nl,interesting_facts,text,"Karetschildpadden hebben een snavelachtige bek voor het eten van sponzen
Hun schild werd vroeger gebruikt voor schildpadproducten (nu illegaal)
Ze kunnen tot 35 minuten onder water blijven
Vrouwtjes nestelen elke 2-3 jaar en leggen 3-5 legsels per seizoen
Ze hebben een van de mooiste schildpatronen van alle zeeschildpadden
Karetschildpadden zijn de meest tropische van alle zeeschildpaddensoorten",seed-script,2026-03-28 14:15:08.526272+00,2026-03-28 14:15:08.526272+00
2c599def-cc87-43f9-9bc3-032b1be8955f,advanced,nl,price_eur,text,250,seed-script,2026-03-28 14:22:36.581793+00,2026-03-28 14:24:15.888987+00
2c871938-cb7b-47fc-94be-5ce842c8abcc,weather,nl,hero_subtitle,text,When is the best time to visit and dive at Koh Tao?,contact@prodiving.asia,2026-03-12 18:28:13.575925+00,2026-03-12 18:28:13.575925+00
2c963379-49c9-4092-ab07-c8055ffbe940,rescue,nl,faq_1_answer,text,"De cursus is uitdagend, maar instructeurs begeleiden je stap voor stap. Een goede conditie en comfort in het water helpen.",seed-script,2026-03-28 14:22:37.579329+00,2026-03-28 14:24:16.617176+00
2cca68c9-f968-45c6-8815-418e6ed7369b,instructor,en,section_learn_title,text,What you'll learn,,2026-03-28 13:19:45.973231+00,2026-03-28 13:19:45.973231+00
2ce26c2a-582e-4387-b8c1-f2adaa0d44be,koh-tao-dive-sites,en,stat4_title,text,All levels,seed-script,2026-03-28 14:03:22.715903+00,2026-03-28 14:03:22.715903+00
2d118e07-26ed-40d8-916c-69460122e91f,divemaster,en,hero_title,text,PADI Divemaster Course,contact@prodiving.asia,2026-03-10 05:43:53.838953+00,2026-04-05 06:22:38.909171+00
2d35717f-66bc-48f3-91d9-4591abdaf36b,instructor,en,sidebar_subtitle,text,IDC · Instructor Examination · Practical Teaching,,2026-03-28 13:19:45.973231+00,2026-03-28 13:19:45.973231+00
2d58bbcf-88b7-49e6-88a0-d1f7fc7f1b2e,shark-island,nl,quick_facts_difficulty,text,Beginner-gemiddeld,,2026-03-27 13:40:10.789117+00,2026-03-28 12:47:09.516174+00
2df87bad-9a55-4ad7-ba68-c7442575b498,instructor,nl,sidebar_note,text,Neem contact op voor een persoonlijk Instructor-traject en examendata.,,2026-03-28 13:19:45.973231+00,2026-03-28 13:19:45.973231+00
2e1b9b85-8e96-4750-b842-f1ddffaf303a,fun-diving,en,fun_diving_sites_title,text,Best Koh Tao Fun Diving Trips,,2026-03-27 12:57:03.657442+00,2026-03-27 12:57:03.657442+00
2e48d1d6-bec6-4fdc-b6f9-d288fa8626ab,blacktip-reef-shark,en,conservation_status,text,Near threatened,seed-script,2026-03-28 14:15:08.09076+00,2026-03-28 14:15:08.09076+00
2e7537e2-331f-4037-ad5e-865e017188e8,south-west-pinnacle,en,marine_life_highlights,text,"Occasional whale shark encounters Bryde's whales in favorable seasonal windows Large schools of barracuda and mackerel Trevally, reef fish, and hunting pelagics in current lines",,2026-03-27 13:40:10.789117+00,2026-03-31 17:55:41.76794+00
2e8e0abb-4223-4696-8671-9e6329b71015,blacktip-reef-shark,nl,behavior,text,"Actieve jager overdag, rust 's nachts in grotten. Speelt een belangrijke rol in het reguleren van vispopulaties op riffen.",seed-script,2026-03-28 14:15:08.526272+00,2026-03-28 14:15:08.526272+00
2ea1e023-7cd3-41d9-989d-6e51f9e332b2,divemaster,nl,duration,text,2-4 weken,contact@prodiving.asia,2026-03-12 15:13:41.90407+00,2026-03-28 13:24:35.370944+00
2ed34070-d2bf-4b08-9b8b-1d245f130ee3,pro-level-courses,en,page_subtitle,text,Professional training programs and instructor specialty courses available on Koh Tao. Click a course to view details or enquire.,,2026-03-28 13:23:24.29037+00,2026-03-28 13:23:24.29037+00
2ee304f1-f256-4c84-8e34-14af1ae19d2f,contact,en,section_subtitle,textarea,Ready to explore the underwater world? Contact Bas to book your diving adventure on Koh Tao.,contact@prodiving.asia,2026-03-12 14:31:13.936296+00,2026-04-06 04:40:49.337206+00
2f070f0d-9f5a-4cce-a4ff-dd5b5ee20329,dive-sites/chumphon-pinnacle,nl,quick_facts_best_time,text,"Hele jaar, piekseizoen december-april",,2026-03-28 20:47:21.080002+00,2026-03-28 20:47:21.080002+00
2f125d5b-b915-401c-8062-ecc2a9b4f461,home,en,hero_secondary_cta,text,Courses,contact@prodiving.asia,2026-03-12 10:01:50.741687+00,2026-03-16 18:01:39.262481+00
2f13d468-41b9-4e57-9c57-5525db7a65b2,home,en,course_divemaster_max_depth,text,40m,contact@prodiving.asia,2026-03-12 10:01:50.741687+00,2026-03-16 18:01:39.262481+00
2f21146f-93e5-4729-8aa9-2d99d8d3ef63,contact,nl,form_first_name_label,text,Voornaam,contact@prodiving.asia,2026-03-12 10:14:37.06477+00,2026-03-14 18:57:12.645596+00
2f6140c7-f240-4d62-8042-31eb6ebd87f8,home,en,course_rescue_price_usd,text,290,contact@prodiving.asia,2026-03-12 13:33:29.379002+00,2026-03-16 18:01:39.262481+00
2fab1d1a-3931-4ae2-acff-2572f88dd044,home,nl,course_efr_description,textarea,"Learn CPR, first aid, and emergency response skills essential for divers and non-divers.",contact@prodiving.asia,2026-03-12 10:57:14.010608+00,2026-03-14 18:50:05.442579+00
3059561a-f01f-4fd5-a8d7-26ddb09d62f6,contact,nl,email_title,text,Email,contact@prodiving.asia,2026-03-12 10:14:37.06477+00,2026-03-14 18:57:12.645596+00
305bbe31-75ee-411e-bc7a-b50375c5ccc8,blacktip-reef-shark,en,best_time,text,"Year-round, especially during breeding season",seed-script,2026-03-28 14:15:08.526272+00,2026-03-28 14:15:08.526272+00
30908456-fbac-4a3b-b8f0-c8704ddfa5e4,twins-pinnacle,en,quick_facts_location,text,West coast of Koh Nang Yuan,,2026-03-27 13:40:10.789117+00,2026-03-28 12:47:09.516174+00
3092077f-9cbb-46c6-8916-01c861e2dab3,fun-diving,en,fun_diving_overview_body,text,"Koh Tao's fun dives have it all! We take pride in offering you a personalized, relaxed, and enjoyable fun diving experience. We're dedicated to showcasing the finest underwater marvels tailored to your level of training and experience, ensuring your dives align with your specific interests.",,2026-03-27 12:57:03.657442+00,2026-03-27 12:57:03.657442+00
30df76bb-c852-42cf-a4e8-e5720d7bf891,divemaster,nl,price_usd,text,1190,contact@prodiving.asia,2026-03-12 15:13:41.90407+00,2026-03-28 13:24:35.370944+00
30faff9c-2d62-4a8d-9121-258f0c105889,dive-sites/sail-rock,en,ready_to_dive,text,<p>Your ready to dive content here</p>,,2026-03-20 09:07:19.116003+00,2026-03-28 20:10:44.702835+00
31c9dc1a-fa70-4e75-83f4-6310755a880f,blacktip-reef-shark,en,behavior,text,An active daytime hunter that rests in caves at night. Plays an important role in regulating reef fish populations.,seed-script,2026-03-28 14:15:08.09076+00,2026-03-28 14:15:08.09076+00
32464573-033a-4577-82bc-944f332f0753,mango-bay,nl,marine_life_highlights,text,"Gezond rifecosysteem
Kleurrijke harde en zachte koralen
Zeeanemonen
Rijk onderwaterleven",,2026-03-27 13:40:10.789117+00,2026-03-28 12:47:09.516174+00
3255d5d3-95f2-4893-9ae5-4802994372a1,discover-scuba,nl,faq_1_answer,text,"DSD is een beginnerservaring waarmee niet-gecertificeerde duikers in een gecontroleerde, veilige omgeving kunnen kennismaken met duiken voordat ze een volledige cursus volgen.",seed-script,2026-03-28 14:22:37.204447+00,2026-03-28 14:24:16.326594+00
32af5303-2af5-4fd2-9398-4bfe79c3c719,accommodation,nl,ctaTitle,text,Klaar om je verblijf te plannen?,,2026-03-27 11:51:48.105016+00,2026-03-28 20:56:02.462461+00
332eae67-58e2-4f07-94a6-c25229afdb55,msdt-program,en,prereq_title,text,Prerequisites,,2026-03-28 13:22:02.219507+00,2026-03-28 13:22:02.219507+00
3341b89c-46ea-4480-af2f-6b72183d4b83,home,nl,course_discover_scuba_price_usd,text,72,contact@prodiving.asia,2026-03-12 10:57:14.010608+00,2026-03-14 18:50:05.442579+00
33473547-da30-4437-8cd7-891107ce3ab0,home,en,hero_title,text,Dive Koh Tao with Diving in Asia.,contact@prodiving.asia,2026-03-12 10:01:50.741687+00,2026-03-16 18:01:39.262481+00
339c9e9d-8780-44d2-865c-5ae6fcd4bbd2,koh-tao-info,nl,highlights_list,text,"Duiklocaties en duikscholen van wereldklasse
Prachtige uitzichtpunten en wandelroutes
Ontspannen uitgaansleven en strandbars
Verse seafood en Thaise keuken
Vriendelijke lokale gemeenschap",,2026-03-28 13:31:13.441375+00,2026-03-28 13:31:13.441375+00
34158276-5139-46dc-8d57-5245c371e9d1,fun-diving,nl,fun_diving_world_class_title,text,World-Class Dive Sites,,2026-03-28 13:10:40.754266+00,2026-03-30 11:23:47.936366+00
342a971f-996d-4c15-959f-2bfcc6205b0d,instructor,nl,contact_hint,text,Of gebruik onderstaand formulier om direct een boekingsaanvraag te sturen.,,2026-03-28 13:19:45.973231+00,2026-03-28 13:19:45.973231+00
346fdbaa-038c-418d-80e4-a1a33b7cbc0e,koh-tao-dive-sites,en,stat3_title,text,Artificial reefs,seed-script,2026-03-28 14:03:22.715903+00,2026-03-28 14:03:22.715903+00
3520cc09-aa8d-4144-b3d7-98f80c0a9321,accommodation,en,nights,text,Number of nights,,2026-03-27 11:51:48.105016+00,2026-03-28 20:55:30.812602+00
35540f5b-db3c-4453-8893-28d8ce3bb339,contact,nl,follow_title,text,Volg ons,contact@prodiving.asia,2026-03-12 10:14:37.06477+00,2026-03-14 18:57:12.645596+00
3567488c-df47-48eb-bc40-575f24c89ec5,viewpoints-koh-tao,nl,hiking_tips_list,text,"Begin vroeg voor zonsopkomst en koelere temperaturen
Draag stevige schoenen en neem voldoende water mee
Paden kunnen steil en glad zijn na regen
Beste licht voor fotografie: vroeg in de ochtend en bij zonsondergang",,2026-03-28 13:42:12.192138+00,2026-03-28 13:50:12.131579+00
375e7a75-c7fe-45ac-aab0-c52dadb7f920,south-west-pinnacle,nl,marine_life_highlights,text,"Af en toe ontmoetingen met walvishaaien
Brydevinvissen in gunstige seizoensperiodes
Grote scholen barracuda en makreel
Trevally, rifvissen en jagende pelagische soorten bij stromingslijnen",,2026-03-27 13:40:10.789117+00,2026-03-28 12:47:09.516174+00
378d947a-34f6-469a-8b21-139ea2b2d335,mango-bay,nl,quick_facts_depth,text,5-18m,,2026-03-27 13:40:10.789117+00,2026-03-28 12:47:09.516174+00
3828c23f-d1a6-40be-a1d7-d143ca80e4d3,scuba-diver,nl,course_overview,text,"De PADI Scuba Diver-cursus laat je op een leuke en ontspannen manier kennismaken met de onderwaterwereld. Je leert basisvaardigheden voor duiken en verkent ondiepe riffen, zodat je met vertrouwen verder kunt in je duikavontuur. Deze cursus is een introductie tot duiken en kan worden opgewaardeerd naar volledige Open Water-certificering.",seed-script,2026-03-12 14:55:52.765748+00,2026-03-28 14:24:15.888987+00
384d5bc6-a416-4f11-9baa-7845e2ff183b,dive-sites/chumphon-pinnacle,en,quick_facts_depth,text,15-30m,,2026-03-28 20:43:16.430069+00,2026-03-28 20:54:03.477122+00
3876fd55-4c4f-464a-8da2-85442be12d27,home,en,course_discover_scuba_level,text,Beginner,contact@prodiving.asia,2026-03-12 10:01:50.741687+00,2026-03-16 18:01:39.262481+00
388f12b0-4713-4e6b-a7ea-8d02dfd78eec,home,nl,hero_subtitle,textarea,"Ontdek eerste klas duiken, vriendelijke instructeurs en een onvergetelijk onderwater avontuur op Koh Tao.",contact@prodiving.asia,2026-03-12 10:57:14.010608+00,2026-03-14 18:50:05.442579+00
38b02db5-30c0-43e2-aff5-c5a478b94c91,how-to-get-here,en,ferry_options_list,text,"Speed boat:|1-1.5 hours, more expensive but faster
Night ferry:|Cheaper option, arrival in the morning
Day ferry:|Standard option with scenic views
|Check operator websites for schedules and discounts",,2026-03-28 13:42:12.192138+00,2026-03-28 13:42:12.192138+00
38baeacd-76ee-4563-9a9a-4872e29b89c8,home,en,course_instructor_price_eur,text,1560,contact@prodiving.asia,2026-03-12 13:33:29.379002+00,2026-03-16 18:01:39.262481+00
38c41b15-53b2-46e3-babc-d379eda65784,contact,en,opening_hours_line_1,text,Daily: 07:00 - 19:00,contact@prodiving.asia,2026-03-12 14:31:13.936296+00,2026-04-06 04:40:49.337206+00
39118e5f-0e28-4d32-8b38-55863ea60800,shark-island,nl,diving_tips,text,"Geschikt voor alle brevetniveaus
Uitstekend voor onderwaterfotografie
Zoek haaien in het blauwe water boven het rif
Verken de koraalformaties met zorg
Geweldige locatie voor observatie van onderwaterleven
Perfect voor langere duiken
Goede plek om fotografietechniek te oefenen
Spaar energie voor de terugzwem",,2026-03-27 13:40:10.789117+00,2026-03-28 12:47:09.516174+00
393a933c-c212-4240-8880-11087d1d94b8,accommodation,en,close,text,Close,,2026-03-27 11:51:48.105016+00,2026-03-28 20:55:30.812602+00
3951ccd5-feeb-48b0-a4ef-4eed29f607dc,instructor,nl,faq_title,text,FAQ,,2026-03-28 13:19:45.973231+00,2026-03-28 13:19:45.973231+00
39684071-66f8-4d8d-a46c-81dfcc3ad8ed,fun-diving,nl,fun_diving_expert_title,text,Expert Dive Professionals,,2026-03-28 13:10:40.754266+00,2026-03-30 11:23:47.936366+00
398619f6-ccd0-441c-96ed-288eb8a8e75a,rescue,en,section_2_content,text,Duration: Typically 3 days including pool and open water sessions. Prerequisite: EFR (or equivalent) and Open Water certification.,seed-script,2026-03-28 14:22:37.579329+00,2026-03-28 14:24:16.617176+00
39a03f5d-0c75-4c83-a3ad-10579c9eb1c9,advanced,en,faq_2_question,text,Can I choose my Adventure Dives?,seed-script,2026-03-28 14:22:36.581793+00,2026-03-28 14:24:15.888987+00
3a13343c-6f95-4dc5-a7f5-184dc97524bb,discover-scuba,nl,faq_3_question,text,Wat kan ik op de dag zelf verwachten?,seed-script,2026-03-28 14:22:37.204447+00,2026-03-28 14:24:16.326594+00
3a208b92-9b09-4cc2-821b-8254a1cf0e81,discover-scuba,en,faq_2_question,text,Do I need a certification to join DSD?,seed-script,2026-03-28 14:22:37.204447+00,2026-03-28 16:44:59.316524+00
3a4f1be2-2d06-4ed7-b693-19118ead72d0,fun-diving,nl,fun_diving_overview_body,text,"Koh Tao's fun dives have it all! We take pride in offering you a personalized, relaxed, and enjoyable fun diving experience. We're dedicated to showcasing the finest underwater marvels tailored to your level of training and experience, ensuring your dives align with your specific interests.",,2026-03-28 13:10:40.754266+00,2026-03-30 11:23:47.936366+00
3b37baaf-46e3-4dcd-a0dd-0636305c761c,viewpoints-koh-tao,en,title,text,Viewpoints on Koh Tao,,2026-03-28 13:42:12.192138+00,2026-03-28 13:46:35.031208+00
3b3aedce-cd69-4df4-aa4d-337ae2054429,instructor,en,faq_1_q,text,How do I enrol in the IDC on Koh Tao?,,2026-03-28 13:19:45.973231+00,2026-03-28 13:19:45.973231+00
3b3bf9a2-1fce-42c9-8996-9675f1fec08f,advanced,en,hero_title,text,PADI Advanced Open Water Course,seed-script,2026-03-19 09:21:42.200963+00,2026-03-28 14:24:15.888987+00
3b452a0f-2f74-4c97-8374-17adc8f2d970,home,nl,course_advanced_level,text,Tussenliggend,contact@prodiving.asia,2026-03-12 10:57:14.010608+00,2026-03-14 18:50:05.442579+00
3b7611df-7997-4b67-85d2-f27266d8dffc,advanced,nl,course_overview,text,"De PADI Advanced Open Water-cursus verbetert je onderwatervaardigheden door middel van praktijkduiken. Inclusief Deep, Navigation, Peak Performance Buoyancy en twee keuzevakken zoals Night of Wreck diving.",seed-script,2026-03-19 10:59:35.022677+00,2026-03-28 14:24:15.888987+00
3b7d8f9b-47ab-4a5c-b158-9f82e28f9c8f,home,nl,course_discover_scuba_deluxe_max_depth,text,12m,contact@prodiving.asia,2026-03-12 10:57:14.010608+00,2026-03-14 18:50:05.442579+00
3b862557-d640-41d6-ad87-38412ebb91d3,accommodation,en,chooseBooking,text,Choose your accommodation option,,2026-03-27 11:51:48.105016+00,2026-03-28 20:55:30.812602+00
3c138d37-2050-4e15-b5c8-33f43d2ef515,instructor,nl,sidebar_badge,text,Pro Niveau,,2026-03-28 13:19:45.973231+00,2026-03-28 13:19:45.973231+00
3c2b947d-2aea-43a6-aa3c-d85e7687b082,home,en,courses_section_subtitle,textarea,Choose from beginner experiences to professional dive training on Koh Tao.,contact@prodiving.asia,2026-03-12 10:01:50.741687+00,2026-03-16 18:01:39.262481+00
3c2d4428-6df1-4321-a0b7-0b480cde42da,weather-koh-tao,en,climate_list,text,"Dry season: February to October, warm and sunny
Rainy season: November to January, short but heavy showers
Average temperature: 28-32C
Sea temperature: 27-30C",,2026-03-28 13:46:34.702478+00,2026-03-28 13:46:34.702478+00
3c368335-cb4a-44ce-8648-74a35c8fbae2,south-west-pinnacle,nl,images,text,https://www.divinginasia.com/images/photo-1682686580849-3e7f67df4015.avif,,2026-03-27 16:24:21.72643+00,2026-03-28 12:47:09.516174+00
3cd94a29-0326-4ad9-a4f3-772558b75a65,south-west-pinnacle,en,diving_tips,text,Best suited for advanced divers with deep and drift experience Use delayed SMB and stay with the group during ascent Plan gas carefully due to depth and current exposure Listen closely to briefing because entry and pickup can vary by conditions,,2026-03-27 13:40:10.789117+00,2026-03-31 17:55:41.76794+00
3d318b4e-85c4-45b4-9ab2-08b4b153e999,marine-life-page,nl,hero_title,text,Marien leven van Koh Tao,seed-script,2026-03-28 14:15:08.842017+00,2026-03-28 14:15:08.842017+00
3d3b6201-179e-4476-8f25-e5cc1d8e7ab0,viewpoints-koh-tao,en,hiking_tips_title,text,Hiking tips,,2026-03-28 13:42:12.192138+00,2026-03-28 13:46:35.031208+00
3d572a4d-dfa6-4427-b017-38da49167dbd,things-to-do,en,ideas_title,text,Need more ideas?,,2026-03-28 13:31:13.441375+00,2026-03-28 13:31:13.441375+00
3d6d1e4d-b44c-477b-a773-0fa33dff7ee3,instructor,nl,section_inclusions_title,text,Inbegrepen,,2026-03-28 13:19:45.973231+00,2026-03-28 13:19:45.973231+00
3d767dd0-eeaa-4551-bdb2-8f65ff806fec,home,nl,course_divemaster_price_usd,text,1190,contact@prodiving.asia,2026-03-12 10:57:14.010608+00,2026-03-14 18:50:05.442579+00
3d9dfe06-aa39-4b0c-8ac2-947af6c96793,accommodation,nl,whyStayTitle,text,Waarom bij ons verblijven?,,2026-03-27 11:51:48.105016+00,2026-03-28 20:56:02.462461+00
3dae53cb-2e03-4d6a-aa8a-b09cf08feae4,koh-tao-dive-sites,nl,overview_title,text,Beste duiklocaties op Koh Tao,seed-script,2026-03-28 14:03:22.715903+00,2026-03-28 14:03:22.715903+00
3e0cd172-d7b4-4b72-b5c8-494fea80f57b,home,nl,courses_section_subtitle,textarea,Kies voor beginner cursussen tot professioneel duik training op Koh Tao.,contact@prodiving.asia,2026-03-12 10:57:14.010608+00,2026-03-14 18:50:05.442579+00
3e232b74-b812-439a-80de-00cce12c9620,htms-sattakut,nl,quick_facts_difficulty,text,Gevorderd,,2026-03-27 13:40:10.789117+00,2026-03-28 12:47:09.516174+00
3e472400-ec8b-4735-a44d-3740cb3a6262,medical-services,en,insurance,text,"Comprehensive travel insurance is strongly recommended. Bring essential prescription medication yourself, as availability may be limited.",,2026-03-28 13:46:34.702478+00,2026-03-28 13:46:34.702478+00
3e689698-1cc4-4a4d-9875-865d58675eea,koh-tao-dive-sites,en,overview_title,text,Best dive sites around Koh Tao,seed-script,2026-03-28 14:03:22.715903+00,2026-03-28 14:03:22.715903+00
3e6a069a-c8a1-4585-b301-20649dc9345e,accommodation,en,chooseBookingBody,text,Choose Book Our Accommodation to fill your room details below.,,2026-03-27 11:51:48.105016+00,2026-03-28 20:55:30.812602+00
3ed7303f-fad2-422c-a6e1-c28de2607589,twins-pinnacle,nl,quick_facts_difficulty,text,Beginner tot Gemiddeld,,2026-03-27 13:40:10.789117+00,2026-03-28 12:47:09.516174+00
3ef1aab7-d3f3-47b9-bf3f-855ebfef1572,nudibranchs,en,photography_tips,text,"Use macro lenses (30-60mm) to fill the frame with detail
Manual focus is essential for sharpness on tiny subjects
Use a focus light to reveal detail clearly
Shoot close-ups of gills, rhinophores, and texture
Be patient and wait for a clean position
Good lighting brings out color and pattern beautifully",seed-script,2026-03-28 14:15:08.09076+00,2026-03-28 14:15:08.09076+00
3ef8e382-6f34-44bb-8733-22896d580e6a,admin-finance,en,default_deposit_amount,text,3,,2026-03-28 18:33:20.274249+00,2026-04-11 03:41:00.84257+00
40121e90-043c-409e-9b2c-34f05d18aede,home,nl,gallery_headline,text,Kijk naar onze foto’s van gelukkige studenten.,contact@prodiving.asia,2026-03-12 10:57:14.010608+00,2026-03-14 18:50:05.442579+00
407592e0-8f1d-4fb8-8965-361e1c7bc4f1,home,nl,course_discover_scuba_deluxe_price_eur,text,132,contact@prodiving.asia,2026-03-12 10:57:14.010608+00,2026-03-14 18:50:05.442579+00
40bf86b2-9446-483e-9f03-3b10bd0806ec,divemaster,nl,price_thb,text,41000,contact@prodiving.asia,2026-03-12 15:13:41.90407+00,2026-03-28 13:24:35.370944+00
40e3df47-b9c1-45b0-8f08-a1b450b6f0e1,hawksbill-sea-turtle,nl,best_time,text,Hele jaar,seed-script,2026-03-28 14:15:08.526272+00,2026-03-28 14:15:08.526272+00
41285609-d1f4-4521-934e-0c51e6ed3b83,sail-rock,nl,quick_facts_best_time,text,"Hele jaar, beste periode in droogseizoen (december-mei)",,2026-03-27 13:40:10.789117+00,2026-03-28 12:47:09.516174+00
41b760b0-9258-4d88-9238-608ff3cd81bd,advanced,en,faq_1_answer,text,No exam required! The Advanced course is all about experience and practice.,seed-script,2026-03-28 14:22:36.581793+00,2026-03-28 14:24:15.888987+00
420ebf12-491d-43ae-b9ff-a3881cbdc32a,instructor,nl,faq_3_q,text,Kan ik na de IDC doorgaan met professionele training?,,2026-03-28 13:19:45.973231+00,2026-03-28 13:19:45.973231+00
42596e12-cef7-419b-af18-aba46f28e3c8,how-to-get-here,en,tip,text,Tip: book ferry tickets early during high season. Most ferries arrive at Mae Haad Pier.,,2026-03-28 13:42:12.192138+00,2026-03-28 13:42:12.192138+00
42768b52-4452-4ded-9588-4a16a85c3660,contact,nl,section_subtitle,textarea,Ready to explore the underwater world? Contact Bas to book your diving adventure on Koh Tao.,contact@prodiving.asia,2026-03-12 10:14:37.06477+00,2026-03-14 18:57:12.645596+00
428c5efd-5a59-49d1-907e-ec9992df007c,accommodation,en,continueBooking,text,Continue to booking form,,2026-03-27 11:51:48.105016+00,2026-03-28 20:55:30.812602+00
42d42e5b-8cb3-4b5a-84bb-1a8082d50a5f,msdt-program,en,enroll_cta,text,Enquire / Book Now,,2026-03-28 13:22:02.219507+00,2026-03-28 13:22:02.219507+00
42f2d8c3-ab77-41c7-bc43-af8c7b772836,blacktip-reef-shark,en,photography_tips,text,"Approach slowly and calmly
Shoot from below for powerful fin silhouettes
Make sure the black fin tips are clearly visible
Use ambient light for natural colors
Be patient and let the shark come to you
Capture both swimming and resting behavior",seed-script,2026-03-28 14:15:08.526272+00,2026-03-28 14:15:08.526272+00
43f90542-8de7-43cc-adce-5d5ca40ec6ab,instructor,nl,hero_subtitle,text,Train om PADI-instructeur te worden en duikers wereldwijd op te leiden. De Instructor Development Course (IDC) bereidt je voor om cursussen te leiden en cursisten te certificeren.,,2026-03-28 13:19:45.973231+00,2026-03-28 13:19:45.973231+00
4413d7ef-1092-4c04-9f63-847ffa3a431e,home,nl,about_sites_line,textarea,CHUMPHON PINNACLE- SOUTHWEST PINNACLE - WHITE ROCK - TWINS - GREEN ROCK - SAIL ROCK - en meer.,contact@prodiving.asia,2026-03-12 10:57:14.010608+00,2026-03-14 18:50:05.442579+00
44319f1d-0953-448b-9e5c-c43b4ad31cf3,koh-tao-dive-sites,nl,stat3_title,text,Kunstmatige riffen,seed-script,2026-03-28 14:03:22.715903+00,2026-03-28 14:03:22.715903+00
446e54a5-f0cc-4da5-a764-f4cc6a8810ec,home,en,gallery_headline,text,Check out the photography of our happy customers.,contact@prodiving.asia,2026-03-12 13:33:29.379002+00,2026-03-16 18:01:39.262481+00
44a2a0ab-ae4c-49cb-a3dd-ab1c3e155ec7,medical-services,nl,title,text,Medische zorg op Koh Tao,,2026-03-28 13:46:34.702478+00,2026-03-28 14:56:21.792803+00
44deb547-90fe-4a40-93d1-ae50922eb860,home,en,course_advanced_title,text,Advanced Open Water,contact@prodiving.asia,2026-03-12 10:01:50.741687+00,2026-03-16 18:01:39.262481+00
452b313c-c429-473d-9064-ab384798fea3,south-west-pinnacle,en,quick_facts_difficulty,text,Advanced,,2026-03-27 13:40:10.789117+00,2026-03-31 17:55:41.76794+00
45832a6f-7cd1-4135-8e99-1dec3c689b10,koh-tao-dive-sites,nl,stat1_text,text,Van ondiepe baaien tot diepe pinnacles,seed-script,2026-03-28 14:03:22.715903+00,2026-03-28 14:03:22.715903+00
45b15d15-a0c5-40d7-b4af-cec1d81009c0,chumphon-pinnacle,nl,quick_facts_difficulty,text,Gevorderd,,2026-03-27 13:40:10.789117+00,2026-03-28 21:03:37.497664+00
45b8886e-fd77-4d62-bb20-8a58e8d17b9d,home,nl,course_discover_scuba_description,textarea,No certification required. The perfect first step to experience scuba diving safely.,contact@prodiving.asia,2026-03-12 10:57:14.010608+00,2026-03-14 18:50:05.442579+00
463ac779-2e9c-4a75-8727-50e8669b38cf,viewpoints-koh-tao,en,cta_hiking_activities,text,Hiking & activities,,2026-03-28 13:42:12.192138+00,2026-03-28 13:46:35.031208+00
466ef95b-c886-48e1-9302-d86089f27bfe,nudibranchs,en,frequency,text,Common in suitable habitat with patient observation,seed-script,2026-03-28 14:15:08.09076+00,2026-03-28 14:15:08.09076+00
469d379a-e906-43f5-9679-a8de9ed320a4,fun-diving,nl,fun_diving_flexible_title,text,Flexible Schedule,,2026-03-19 11:41:03.125014+00,2026-03-30 11:23:47.936366+00
46fbce53-0c70-406a-ba64-062bc0a0fefe,home,en,course_divemaster_description,textarea,Start your professional dive career and train to lead certified divers underwater.,contact@prodiving.asia,2026-03-12 10:01:50.741687+00,2026-03-16 18:01:39.262481+00
47bd1a15-43d9-402d-8b71-440c8d22e400,fun-diving,en,fun_diving_world_class_body,text,"Beneath the turquoise water surrounding Koh Tao lies a world of colorful coral reefs, teeming marine life from macro creatures to turtles and if you're lucky, the majestic whale shark. With over 25 captivating dive sites, there's boundless diversity to explore.",,2026-03-27 12:57:03.657442+00,2026-03-27 12:57:03.657442+00
47c6dccd-0a4d-4bc1-98e9-4d1c929ed369,accommodation,nl,accommodationType,text,Accommodatietype,,2026-03-27 11:51:48.105016+00,2026-03-28 20:56:02.462461+00
47da24d8-3ad8-4c9d-8a26-2bf335c8a265,green-sea-turtle,en,behavior,text,Spends most of its time grazing on seagrass beds and migrates long distances to nest. Juveniles make a dangerous journey from beach to sea.,seed-script,2026-03-28 14:15:08.09076+00,2026-03-28 14:15:08.09076+00
485dda76-6c11-4752-b5ca-18d3408bffd2,home,en,course_rescue_max_depth,text,30m,contact@prodiving.asia,2026-03-12 10:01:50.741687+00,2026-03-16 18:01:39.262481+00
48d334d3-c1b7-4a27-9c1f-d880e16bb4ed,koh-tao-dive-sites,en,stat1_title,text,25+ sites,seed-script,2026-03-28 14:03:22.715903+00,2026-03-28 14:03:22.715903+00
48e0ccaf-5a13-4599-ac4e-40f95b7936ad,marine-life-page,en,label_more,text,More info,seed-script,2026-03-28 14:15:08.526272+00,2026-03-28 14:15:08.526272+00
49490690-c59b-4592-811a-72edf6efc606,marine-life-page,en,pelagic_species,text,"Whale shark|The largest fish in the world. These gentle giants are regularly spotted in deeper waters around Koh Tao, especially during plankton blooms.|Up to 12m|Deep offshore water|Year-round, peak Nov-Mar|/marine-life/whaleshark
Great barracuda|Impressive predators that hunt in schools around offshore pinnacles at speeds up to 40 km/h.|Up to 2m|Deep pinnacles|Year-round|/marine-life/great-barracuda
Manta rays|Elegant plankton feeders that perform spectacular looping movements while feeding.|Wingspan up to 7m|Deep water|Nov-Mar|
Malabar grouper|Large predatory grouper living in deeper water, known for ambush hunting.|Up to 2.3m, 100kg|Deep reefs and pinnacles|Year-round|/marine-life/malabar-grouper",seed-script,2026-03-28 14:15:08.842017+00,2026-03-28 14:15:08.842017+00
4a09b2d6-03c9-47ce-9cb7-729fec98b0d4,discover-scuba,en,section_1_title,text,How it works,seed-script,2026-03-28 14:22:37.204447+00,2026-03-28 16:44:59.316524+00
4a2e5cd9-6c68-4bfe-8974-fd26cfc4d6e8,how-to-get-here,en,options_title,text,Travel options,,2026-03-28 13:42:12.192138+00,2026-03-28 13:42:12.192138+00
4a2e8eae-3fc4-4e43-afe3-c4e28c3d1bdc,south-west-pinnacle,en,quick_facts_depth,text,15-35m,,2026-03-27 13:40:10.789117+00,2026-03-31 17:55:41.76794+00
4a53dfcd-bec6-4875-b3d7-2b30c46c0fef,dive-sites/chumphon-pinnacle,nl,quick_facts_location,text,30 minuten uit de kust,,2026-03-28 20:47:21.080002+00,2026-03-28 20:47:21.080002+00
4a558bdc-6145-4e54-a949-9040b5f748f8,fun-diving,nl,fun_diving_marine_life_body,text,"From massive whale sharks and graceful sea turtles to colorful reef fish and fascinating macro life, Koh Tao's waters host an incredible variety of marine species. Every dive brings new discoveries and unforgettable encounters.",,2026-03-19 11:41:01.371023+00,2026-03-30 11:23:47.936366+00
4a5fc776-53c4-4600-aed2-0652c593936f,fun-diving,nl,fun_diving_ready_cta2,text,Explore Dive Sites,,2026-03-28 13:10:40.754266+00,2026-03-30 11:23:47.936366+00
4ab338dd-6bec-4a90-be61-d725d26ae27e,instructor,en,section_overview_body,text,"The Instructor pathway trains experienced divers to teach and certify new divers. The IDC includes teaching presentations, student evaluations and practical teaching experience with support from experienced staff instructors.",,2026-03-28 13:19:45.973231+00,2026-03-28 13:19:45.973231+00
4ab8f713-2e0f-4f9a-a37f-261175282d4e,contact,en,form_submit_label,text,Send Message,contact@prodiving.asia,2026-03-12 14:31:13.936296+00,2026-04-06 04:40:49.337206+00
4b8471b5-ef77-4b1e-9963-e552778f6045,koh-tao-dive-sites,en,booking_text,text,Ready to explore Koh Tao’s amazing dive sites? Our experienced guides take you to the best spots for your level and interests.,seed-script,2026-03-28 14:03:22.715903+00,2026-03-28 14:03:22.715903+00
4c644169-7cd2-4ca6-af22-4bfa30707a4a,scuba-review,nl,price_thb,text,2510,,2026-03-28 13:10:40.754266+00,2026-03-28 13:10:40.754266+00
4d4cde9d-a07d-4cb0-84e6-9c7e62f99273,home,en,course_open_water_price_eur,text,290,contact@prodiving.asia,2026-03-12 13:33:29.379002+00,2026-03-16 18:01:39.262481+00
4d611d27-7f32-4b9d-bee6-cd44b388c4a5,contact,en,location_line_2,text,"Surat Thani 84360, Thailand",contact@prodiving.asia,2026-03-12 14:31:13.936296+00,2026-04-06 04:40:49.337206+00
4e37dfd3-548f-4830-b51c-2f4800618ded,rescue,nl,duration,text,3 dagen,seed-script,2026-03-14 11:19:45.578131+00,2026-03-28 14:24:16.617176+00
4e5c6378-4c9b-4a3d-9677-ff3f547c5d5c,instructor,en,faq_4_q,text,Why choose Koh Tao for an IDC?,,2026-03-28 13:19:45.973231+00,2026-03-28 13:19:45.973231+00
4e8e0ddd-5c94-4c59-965c-bde1fa32c3b0,divemaster,en,price_eur,text,1090,contact@prodiving.asia,2026-03-10 05:43:53.838953+00,2026-04-05 06:22:38.909171+00
4f7902a8-218b-4b19-ab54-6aaa0785f8f9,dive-sites/sail-rock,en,marine_life_highlights,text,marine,,2026-03-20 09:07:19.116003+00,2026-03-28 20:54:03.477122+00
4fbb55e4-451f-43cd-8077-79568964a274,instructor,nl,faq_2_a,text,Ja. Na afronding van de IDC en het behalen van het Instructor Examination (IE) ontvang je de PADI Open Water Scuba Instructor-certificering en kun je professioneel lesgeven.,,2026-03-28 13:19:45.973231+00,2026-03-28 13:19:45.973231+00
4fc52284-fa3c-4d9d-b6f2-784a1eaf5492,scuba-diver,nl,section_3_title,text,Waarom kiezen voor Scuba Diver?,seed-script,2026-03-28 14:22:37.204447+00,2026-03-28 14:24:16.326594+00
4ff24bae-97f4-42fb-96db-148d93068ade,scuba-review,nl,price_usd,text,72,,2026-03-28 13:10:40.754266+00,2026-03-28 13:10:40.754266+00
50577f6f-e20f-4b0e-8fd3-694db0efd0ab,contact,en,form_first_name_label,text,First Name,contact@prodiving.asia,2026-03-12 14:31:13.936296+00,2026-04-06 04:40:49.337206+00
506185e6-5339-4db9-b469-786b6429a579,things-to-do,nl,cta_viewpoints,text,Uitzichtpunten,,2026-03-28 13:31:13.441375+00,2026-03-28 13:31:13.441375+00
50900f89-fee3-41ad-9198-8add97d3df89,advanced,nl,hero_subtitle,text,"Breid je vaardigheden uit met vijf Adventure Dives, waaronder diepduiken en navigatie. Perfect voor het verkennen van diepere duiklocaties.",seed-script,2026-03-28 14:22:36.581793+00,2026-03-28 14:24:15.888987+00
509fad39-2aa5-4e0c-b555-8558e5a4c88d,dive-sites/chumphon-pinnacle,en,what_you_can_see,text,Whalesharks Trevally Schools Eagle Rays Chevron Barracuda,,2026-03-28 20:43:16.430069+00,2026-03-28 20:54:03.477122+00
50ab3aa8-b43e-4a61-b223-441ed64c03d7,shark-island,nl,quick_facts_best_time,text,"Hele jaar, uitstekend in droogseizoen",,2026-03-27 13:40:10.789117+00,2026-03-28 12:47:09.516174+00
51920226-be02-402c-97e0-0ccd59abce7b,food-drink,nl,tip,text,Tip: kraanwater is niet drinkbaar - koop flessenwater of vul bij waterpunten.,,2026-03-28 13:42:12.192138+00,2026-03-28 13:42:12.192138+00
51e45cd7-93f7-4b00-82d2-39834acdb24e,dive-sites/sail-rock,nl,diving_tips,text,get upearly,,2026-03-20 09:07:19.116003+00,2026-03-27 13:20:53.920935+00
51ea82b2-031a-492c-92e2-4b28eb5d88f8,twins-pinnacle,en,quick_facts_best_time,text,"Year-round, best November-May",,2026-03-27 13:40:10.789117+00,2026-03-28 12:47:09.516174+00
51eb2417-bf3f-4f6f-a5f0-5eb470460a3d,marine-life-page,en,cta_courses,text,View courses,seed-script,2026-03-28 14:15:08.842017+00,2026-03-28 14:15:08.842017+00
52232a8d-29c2-40ee-8208-a331c1dd3158,viewpoints-koh-tao,en,subtitle,text,Breathtaking panoramas and unforgettable photo moments.,,2026-03-28 13:42:12.192138+00,2026-03-28 13:46:35.031208+00
52586636-16e5-49a1-b63c-7b884255c108,sail-rock,nl,overview,text,"Dé top-diepduiklocatie van Koh Tao met grote visscholen, walvishaaien en reuzenbarracuda's. Sail Rock wordt algemeen beschouwd als de beste duiksite in de Golf van Thailand. Deze imposante granieten rotspiek ligt op ongeveer 40 minuten varen van Koh Tao en stijgt op vanuit diepblauw water tot circa 18 meter onder het oppervlak. De site is beroemd om de 'Chimney': een verticale doorgang die een natuurlijke stroming creëert en grote pelagische vissen aantrekt. Walvishaaien worden hier regelmatig gezien, samen met enorme scholen snappers, fusiliers en chevron-barracuda's. Ook adelaarsroggen en zeilvissen verschijnen hier vaak, wat het een spectaculaire diepduikervaring maakt.",,2026-03-27 13:40:10.789117+00,2026-03-28 12:47:09.516174+00
528ae0fe-d9cd-4f83-b843-67cd97d38782,chumphon-pinnacle,en,diving_tips,text,Advanced certification recommended due to depth and current Early morning departures maximize wildlife sightings Wide-angle photography lens recommended for large subjects Stay with your dive guide in moderate currents Perfect for deep diving specialty courses Whalesharks are most active during incoming tides Bring a good quality underwater camera,,2026-03-27 13:40:10.789117+00,2026-04-09 11:24:36.795351+00
52d661f8-8c90-45ed-bd21-c9512355b39d,shark-island,en,overview,text,"Shark Island is located on Koh Tao's south coast and is renowned for its spectacular coral formations and marine biodiversity. The site features beautiful soft purple tree corals, vibrant gorgonians including sea fans and dynamic sea whips that sway gracefully in the current. Black-tip reef sharks are commonly sighted cruising the reef, giving the site its name. The underwater landscape includes coral-encrusted boulders and sandy patches, creating diverse habitats for marine life. This site is particularly popular with underwater photographers due to its colorful subjects and excellent visibility.",,2026-03-27 13:40:10.789117+00,2026-03-31 17:53:58.616512+00
533626db-0cc2-475f-aa77-3d5a9d7aa381,open-water,nl,duration,text,3-4 days,contact@prodiving.asia,2026-03-12 14:50:04.862246+00,2026-03-19 09:07:24.603478+00
5376625b-6f7c-4c1f-b72d-63b5c8f4edc9,nudibranchs,nl,behavior,text,Langzame grazers die vaak gespecialiseerd voedsel eten; sommige tonen waarschuwingskleuren vanwege giftigheid; hermafrodiet.,seed-script,2026-03-28 14:15:08.09076+00,2026-03-28 14:15:08.09076+00
5379e386-e23b-497a-8d3c-484a77d6950a,home,nl,course_open_water_max_depth,text,18m,contact@prodiving.asia,2026-03-12 10:57:14.010608+00,2026-03-14 18:50:05.442579+00
539752c6-5728-435a-b792-3d04ac985f42,specialty/night-diver,nl,duration,text,2 days,,2026-03-28 13:10:40.754266+00,2026-03-28 13:10:40.754266+00
544520af-2e24-42ef-a1ae-c8a86001bd79,instructor,en,hero_title,text,PADI Open Water Scuba Instructor,,2026-03-28 13:19:45.973231+00,2026-03-28 13:19:45.973231+00
548fe8a7-815b-4ebb-bf3b-ff867121f9a5,instructor,en,sidebar_badge,text,Pro Level,,2026-03-28 13:19:45.973231+00,2026-03-28 13:19:45.973231+00
54d53058-35e8-4b28-abc9-2f25ec73b06d,home,en,course_advanced_price,text,"฿9,500",contact@prodiving.asia,2026-03-12 10:01:50.741687+00,2026-03-16 18:01:39.262481+00
54f57b9c-27aa-47b9-9319-2925812cdfa9,discover-scuba,en,hero_title,text,Discover Scuba Diving (DSD),seed-script,2026-03-27 10:52:08.104218+00,2026-03-28 16:44:59.316524+00
555f3d22-4341-4e10-8f41-f71dc43ae789,divemaster,en,price_usd,text,1190,contact@prodiving.asia,2026-03-10 05:43:53.838953+00,2026-04-05 06:22:38.909171+00
559ddef4-1905-49d2-91d0-a1e5c5ac806d,twins-pinnacle,nl,images,text,https://www.divinginasia.com/images/twins-header.png,,2026-03-27 16:24:21.72643+00,2026-03-28 12:47:09.516174+00
55ac80b6-039b-49ce-85fa-015d6cddd006,htms-sattakut,en,what_you_can_see,text,Wreck Exploration Marine Life Swim-throughs Historical Significance,,2026-03-27 13:40:10.789117+00,2026-03-28 20:54:03.477122+00
55bfc953-b9a5-445f-ac38-f22a0401584a,medical-services,en,care_title,text,Care & emergencies,,2026-03-28 13:46:34.702478+00,2026-03-28 13:46:34.702478+00
5694c7b8-d8c2-4747-bae6-9c8f32699063,instructor,en,section_inclusions_items,text,"IDC materials and PADI registration
Practical teaching sessions and mentoring
Exam preparation and exam fees (where applicable)",,2026-03-28 13:19:45.973231+00,2026-03-28 13:19:45.973231+00
56a9b18d-1fa6-450e-9055-c5ced5bba88f,instructor,nl,faq_1_a,text,"Neem contact met ons op voor cursusdata, planning en het aanmeldproces. We begeleiden je stap voor stap van vereisten tot inschrijving.",,2026-03-28 13:19:45.973231+00,2026-03-28 13:19:45.973231+00
56d2830d-0038-4258-a450-c4ce4d527729,green-sea-turtle,en,habitat,text,"Shallow coastal waters, seagrass beds, coral reefs",seed-script,2026-03-28 14:15:08.09076+00,2026-03-28 14:15:08.09076+00
574701a8-726c-4a7e-b53d-bb4b695a6f52,japanese-gardens,nl,quick_facts_difficulty,text,Beginner tot Gemiddeld,,2026-03-27 13:40:10.789117+00,2026-03-28 12:47:09.516174+00
57859014-b94f-4f54-828d-28045d1b6629,weather,nl,intro,textarea,yesy Koh Tao has a tropical climate with two main seasons. The best diving conditions are typically from March to September.,contact@prodiving.asia,2026-03-12 18:28:13.575925+00,2026-03-27 10:07:14.810098+00
57ecb474-ffae-41eb-bf3e-28a71bf156e5,accommodation,en,ctaButton,text,Stay with us at our resort accommodation,,2026-03-27 11:51:48.105016+00,2026-03-28 20:55:30.812602+00
5808367f-6f58-4e24-95e0-e83566e03152,home,nl,course_discover_scuba_deluxe_price,text,"฿5,000",contact@prodiving.asia,2026-03-12 10:57:14.010608+00,2026-03-14 18:50:05.442579+00
5866c920-2ede-459d-bd61-e85767335958,food-drink,en,highlights_list,text,"Wide range of Thai and international restaurants
Fresh seafood available at many beachfront spots
Street food stalls for quick and affordable meals
Many vegetarian and vegan options
Beach bars and cafes for sunset drinks",,2026-03-28 13:42:12.192138+00,2026-03-28 13:42:12.192138+00
5874780a-d21a-4cde-b311-1cc3ddfe4e11,marine-life-page,en,label_size,text,Size,seed-script,2026-03-28 14:15:08.526272+00,2026-03-28 14:15:08.526272+00
5889bbe5-cac8-49b6-b899-af5bd51064ce,home,nl,course_open_water_title,text,PADI Open Water Duiker Cursus,contact@prodiving.asia,2026-03-12 10:57:14.010608+00,2026-03-14 18:50:05.442579+00
591a76bc-f92f-4f50-a0d1-dd8aef039bb3,msdt-program,nl,overview_title,text,Programmaoverzicht,,2026-03-28 13:22:02.219507+00,2026-03-28 13:22:02.219507+00
59b0d87e-a6cb-4d9a-836a-582fd9a058d1,accommodation,nl,close,text,Sluiten,,2026-03-27 11:51:48.105016+00,2026-03-28 20:56:02.462461+00
5a49d6e4-731d-450b-aaff-8037ec2c4f00,rescue,nl,hero_subtitle,text,Ontwikkel de vaardigheden en het vertrouwen om duiknoodsituaties te beheersen en anderen te helpen. De Rescue Diver-cursus is een belangrijke stap voor serieuze duikers.,seed-script,2026-03-14 11:19:45.578131+00,2026-03-28 14:24:16.617176+00
5a6b37f3-b01c-43ed-82cd-eae127c88bd4,home,en,course_advanced_max_depth,text,30m,contact@prodiving.asia,2026-03-12 10:01:50.741687+00,2026-03-16 18:01:39.262481+00
5ae98585-333f-4311-adeb-b1dd49ee6726,home,nl,course_rescue_price_usd,text,290,contact@prodiving.asia,2026-03-12 10:57:14.010608+00,2026-03-14 18:50:05.442579+00
5bad5f86-7eda-44f6-954c-082bfe4ebb25,koh-tao-dive-sites,nl,overview_text,text,"Koh Tao heeft meer dan 25 uitstekende duiklocaties met gevarieerde topografie en een overvloed aan zeeleven. Elke plek is uniek en biedt duikers van elk niveau iets anders, met genoeg variatie om ook ervaren duikers wekenlang te boeien.",seed-script,2026-03-28 14:03:22.715903+00,2026-03-28 14:03:22.715903+00
5bf7f916-aca7-43f2-a7f7-219651e59804,Diving tips,nl,divig-tips,text,tip1,,2026-03-28 13:10:40.754266+00,2026-03-28 13:10:40.754266+00
5c082150-491d-4b6e-bae3-3129e8b2bff4,things-to-do,nl,ideas_title,text,Meer ideeen nodig?,,2026-03-28 13:31:13.441375+00,2026-03-28 13:31:13.441375+00
5c2f8c5b-298a-4fef-989b-8ae6b18340e3,viewpoints-koh-tao,nl,title,text,"Uitzichtpunten op Koh Tao ",,2026-03-28 13:42:12.192138+00,2026-03-28 13:50:12.131579+00
5c3d5f58-3297-430c-b90b-de5172cb93e0,main,nl,contact,text,Your contact info here,,2026-03-28 13:10:40.754266+00,2026-03-28 13:10:40.754266+00
5c713fe5-25dc-4f28-bd6a-542ff9c58c5f,contact,en,form_email_label,text,Email,contact@prodiving.asia,2026-03-12 14:31:13.936296+00,2026-04-06 04:40:49.337206+00
5c995f8b-39e7-481d-a075-2f308d082b83,advanced,nl,section_1_content,text,"5 adventureduiken (kan in 2-3 dagen)
Oefenen van diepduiktechnieken en navigatie
Verbeteren van drijfvermogen en comfort onder water
Kies keuzevakken: Night, Wreck, Fish ID, Fotografie, etc.",seed-script,2026-03-28 14:22:36.581793+00,2026-03-28 14:24:15.888987+00
5cf806b0-6c15-42ba-9a76-3354dfb5e503,discover-scuba,en,section_1_content,text,"Step 1: Briefing and skills in confined water
Step 2: First open water dive with close supervision",seed-script,2026-03-28 14:22:37.204447+00,2026-03-28 16:44:59.316524+00
5dc40cc3-be59-4381-98bc-9d03476e3e7f,twins-pinnacle,nl,what_you_can_see,text,"Zadel-anemoonvis
Naaktslakken
Pijpvissen
Gele koffervis
Longface emperor
Vlindervissen
Keizersvissen
Rifvissen
Murenen
Trevally
Blauwgestippelde pijlstaartrog
Snappers
Tandbaarzen
Papegaaivissen
Bannerfish
Zeeschildpadden
Scribbled filefish
Anemoonvissen
Koffervissen en wratslakken",,2026-03-27 13:40:10.789117+00,2026-03-28 12:47:09.516174+00
5e31dfcb-a77f-4cd6-a8af-b1ca5c57e201,msdt-program,en,enroll_title,text,How to Enroll,,2026-03-28 13:22:02.219507+00,2026-03-28 13:22:02.219507+00
5e3b4408-0680-4afc-b98d-d54cf833aed0,south-west-pinnacle,en,overview,text,"South West Pinnacle is a deep offshore dive site made up of multiple granite pinnacles and boulders rising from the seabed. Located 30-40 minutes from Koh Tao, it is known for exciting blue-water encounters and strong pelagic potential. The site often features schools of barracuda, trevally, and mackerel, with occasional visits from whale sharks and Bryde's whales. Due to depth and current exposure, it offers a rewarding challenge for experienced divers..",,2026-03-27 13:40:10.789117+00,2026-03-31 17:55:41.76794+00
5ec928ee-ec53-4687-9634-598cbffae812,specialty/night-diver,en,course_overview,text,"Experiece Complete 3 night dives and learn to navigate, communicate, and manage buoyancy in the dark.",contact@prodiving.asia,2026-03-12 10:27:14.506533+00,2026-03-27 09:56:18.852821+00
5ed563e9-1eb4-4ded-b9d1-e0f99f7b7468,contact,en,opening_hours_line_2,text,Emergency: 24/7,contact@prodiving.asia,2026-03-12 14:31:13.936296+00,2026-04-06 04:40:49.337206+00
5f07123e-9f47-46de-ba14-abb765c2cb49,home,nl,course_discover_scuba_max_depth,text,12m,contact@prodiving.asia,2026-03-12 10:57:14.010608+00,2026-03-14 18:50:05.442579+00
5f12ed38-1fdd-40b2-b300-825cd7c2a0be,things-to-do,en,subtitle,text,"Discover adventure, relaxation, and island culture - there is more than just diving!",,2026-03-28 13:31:13.441375+00,2026-03-28 13:31:13.441375+00
5f14a07d-ba97-448d-8938-66094c490283,twins-pinnacle,nl,overview,text,"Twins Pinnacle is de populairste duiksite van Koh Tao, met drie granieten pinnacles, rijk onderwaterleven en geschikt voor alle brevetniveaus.",,2026-03-27 13:40:10.789117+00,2026-03-28 12:47:09.516174+00
5f4be3ea-a4b1-4005-8988-356e3e595947,chumphon-pinnacle,nl,quick_facts_depth,text,15-30m,,2026-03-27 13:40:10.789117+00,2026-03-28 21:03:37.497664+00
5fd89c2f-db78-432a-be5a-8801ca525a91,koh-tao-dive-sites,en,stat2_text,text,"Whale sharks, rays, and coral reefs",seed-script,2026-03-28 14:03:22.715903+00,2026-03-28 14:03:22.715903+00
5ff6a034-5ebd-4d51-ad40-396e73d000fc,advanced,nl,price_usd,text,275,seed-script,2026-03-28 14:22:36.581793+00,2026-03-28 14:24:15.888987+00
608b7633-a1fd-4821-9af6-f679c20b2f36,sail-rock,nl,diving_tips,text,"Gevorderde certificering vereist - dit is een diepduiksite
Stromingsbewustzijn is essentieel - blijf bij je gids
Gebruik een duikcomputer voor nauwkeurige diepte- en tijdsbewaking
Walvishaaien zijn vaak actiever in de ochtend - vroeg vertrek aanbevolen
Neem een groothoeklens mee voor grote pelagische soorten
Spaar lucht in verband met diepte en mogelijke stroming
Perfect voor specialisaties in diepduiken",,2026-03-27 13:40:10.789117+00,2026-03-28 12:47:09.516174+00
608ea314-1be0-41bc-a22b-a8d8ed4da7bf,things-to-do,en,ideas_list,text,"Take a day trip to Koh Nang Yuan for snorkeling and iconic views
Try rock climbing or bouldering for land-based adventure
Taste street food at the Sairee night market",,2026-03-28 13:31:13.441375+00,2026-03-28 13:31:13.441375+00
60b01a55-43ac-47ff-a94c-6fc8a0ece4b4,shark-island,en,diving_tips,text,Suitable for all certification levels Excellent for underwater photography Look for sharks in the blue water above the reef Explore the coral formations carefully Great for marine life observation Perfect for extended dives Good site for practicing photography techniques Conserve energy for the return swim,,2026-03-27 13:40:10.789117+00,2026-03-31 17:53:58.616512+00
6113f2de-430d-4ab8-ad5c-bf2d5d49daaa,weather-koh-tao,nl,cta_plan_activities,text,Plan activiteiten,,2026-03-28 13:46:34.702478+00,2026-03-28 13:46:34.702478+00
61b59a3a-4160-4efa-ab55-1263f85d2190,how-to-get-here,en,subtitle,text,Different routes to reach this island paradise.,,2026-03-28 13:42:12.192138+00,2026-03-28 13:42:12.192138+00
61d78486-4427-4eeb-9e2f-e2f41844b922,marine-life-page,nl,cta_text,text,Doe mee met onze PADI-gecertificeerde cursussen en fun dive trips om deze geweldige dieren van dichtbij in hun natuurlijke habitat te zien.,seed-script,2026-03-28 14:15:08.842017+00,2026-03-28 14:15:08.842017+00
61f17bcb-2afd-4945-8bfe-98bedb39845b,home,nl,course_advanced_title,text,Advanced Open Water..,contact@prodiving.asia,2026-03-12 10:57:14.010608+00,2026-03-27 13:37:55.758877+00
61fe941a-84f3-40f9-9bce-7a6083acc63c,accommodation,en,whyStayTitle,text,Why stay with us?,,2026-03-27 11:51:48.105016+00,2026-03-28 20:55:30.812602+00
622cf347-ccba-4f8f-bb0b-2a1917fbbfc1,divemaster,nl,hero_title,text,PADI Divemaster-cursus,contact@prodiving.asia,2026-03-12 15:13:41.90407+00,2026-03-28 13:24:35.370944+00
6234d0db-2829-43c6-b996-76a6104df04c,koh-tao-dive-sites,en,booking_title,text,Discover Koh Tao’s underwater world,seed-script,2026-03-28 14:03:22.715903+00,2026-03-28 14:03:22.715903+00
625d33d7-7fe5-4111-b257-bd87fc3b4e98,koh-tao-dive-sites,nl,artificial_title,text,Kunstmatige duiklocaties,seed-script,2026-03-28 14:03:22.715903+00,2026-03-28 14:03:22.715903+00
62d44777-3468-489f-b795-f3b71f3cb2de,open-water,en,duration,text,3-4 days,contact@prodiving.asia,2026-03-10 12:04:54.885159+00,2026-04-05 09:49:05.165101+00
62fd9edd-00f7-411a-ac05-9d7f7d8dbd5e,sail-rock,nl,quick_facts_difficulty,text,Gevorderd,,2026-03-27 13:40:10.789117+00,2026-03-28 12:47:09.516174+00
632733c1-81ea-47aa-87ee-a488dcca6d1a,food-drink,en,tip,text,Tip: tap water is not drinkable - buy bottled water or refill at water stations.,,2026-03-28 13:42:12.192138+00,2026-03-28 13:42:12.192138+00
632e3812-8988-453a-ac58-13e2508d4ea2,open-water,en,hero_subtitle,text,"The world's most popular scuba course. Learn the fundamentals of scuba diving and get certified to dive independently with a buddy, to 18 metres/60 feet.",contact@prodiving.asia,2026-03-09 17:57:14.068604+00,2026-04-05 09:49:05.165101+00
63647127-9ed6-47c1-b3de-2e76be25032b,accommodation,en,details,text,Additional details,,2026-03-27 11:51:48.105016+00,2026-03-28 20:55:30.812602+00
636acd64-5050-404f-aec2-2753a356c9de,nudibranchs,en,size,text,1-15cm depending on species,seed-script,2026-03-28 14:15:08.09076+00,2026-03-28 14:15:08.09076+00
63c49dfa-5783-4b32-b9b8-5ab6267ed7e9,accommodation,en,accommodationType,text,Accommodation type,,2026-03-27 11:51:48.105016+00,2026-03-28 20:55:30.812602+00
64517512-5063-4446-b93e-af4dcf91f43c,discover-scuba,nl,section_2_content,text,"Gecertificeerde duikprofessional
Gebruik van alle duikuitrusting
Maximaal 4 deelnemers per instructeursgroep
Mogelijkheid om extra duiken toe te voegen",seed-script,2026-03-28 14:22:37.204447+00,2026-03-28 14:24:16.326594+00
6487b2d6-05e6-4180-9044-fb79d2a0ce27,instructor,en,contact_hint,text,Or use the form below to send a booking request directly.,,2026-03-28 13:19:45.973231+00,2026-03-28 13:19:45.973231+00
64db0c38-9fca-4407-b2a9-cae9b39a9766,scuba-diver,nl,section_1_title,text,Wat je leert,seed-script,2026-03-28 14:22:37.204447+00,2026-03-28 14:24:16.326594+00
64e4086a-c4bc-4b79-9fcc-0a420948c107,green-sea-turtle,en,detailed_description,text,"The green sea turtle is one of the most common sea turtle species around Koh Tao and plays an important role in the health of seagrass beds and coral reefs. These calm herbivores spend their days grazing on seagrass and algae, keeping these habitats in balance. Adults are often seen in shallow bays and reef areas, while hatchlings are sometimes observed during their risky journey from nesting beaches to open sea. Conservation efforts in Thailand have helped protect these ancient ocean travelers, and encountering one in the wild is always special.",seed-script,2026-03-28 14:15:08.09076+00,2026-03-28 14:15:08.09076+00
65130931-7a50-4891-bd22-22300779a1b5,things-to-do,nl,activity_guide,text,gids met activiteiten,,2026-03-28 13:31:13.441375+00,2026-03-28 13:31:13.441375+00
65a64f05-d2e8-496d-9039-1d7d602b5fe7,rescue,nl,section_1_content,text,"Zelfredding en herkennen van duikerstress
Reddingsscenario's en technieken
Noodmanagement en uitrusting
Reddingsbeademing en slachtofferzorg",seed-script,2026-03-28 14:22:37.579329+00,2026-03-28 14:24:16.617176+00
65cd73fa-66e6-4c92-8487-ca07f8f46ec6,japanese-gardens,en,quick_facts_depth,text,5-18m,,2026-03-27 13:40:10.789117+00,2026-03-28 12:47:09.516174+00
66067372-3933-497c-85fe-b8f3d59c8101,instructor,nl,section_overview_body,text,"Het Instructor-traject leidt ervaren duikers op om nieuwe duikers op te leiden en te certificeren. De IDC omvat lespresentaties, studentbeoordelingen en praktijkervaring in lesgeven, met begeleiding van ervaren stafinstructeurs.",,2026-03-28 13:19:45.973231+00,2026-03-28 13:19:45.973231+00
66476e63-27b5-4572-b373-a73c9143219e,rescue,en,price_usd,text,290,seed-script,2026-03-28 14:22:37.204447+00,2026-03-28 14:24:16.326594+00
66573a76-6a26-4507-887a-4765fe41fe9c,scuba-review,en,course_overview,text,Quick knowledge review followed by confined and open water skill practice. twst,contact@prodiving.asia,2026-03-14 19:44:35.703938+00,2026-03-27 16:34:52.782657+00
66d6c2fc-58a1-41d2-a079-729f802008f2,scuba-review,nl,price_eur,text,66,,2026-03-28 13:10:40.754266+00,2026-03-28 13:10:40.754266+00
66f9b2d4-2cb9-4668-b883-ba10eaef2fbe,rescue,nl,price_usd,text,290,seed-script,2026-03-14 11:19:45.578131+00,2026-03-28 14:24:16.617176+00
672450bc-01d1-49d6-a19d-0c50a5fc1089,contact,en,opening_hours_title,text,Opening Hours,contact@prodiving.asia,2026-03-12 14:31:13.936296+00,2026-04-06 04:40:49.337206+00
672d4557-5720-4516-a5e5-06b127515e52,home,nl,course_rescue_price_eur,text,265,contact@prodiving.asia,2026-03-12 10:57:14.010608+00,2026-03-14 18:50:05.442579+00
67a6c47f-01c8-442b-ac0c-eaaeb02d9448,htms-sattakut,en,images,text,https://www.divinginasia.com/images/htms-sattakut.jpg https://www.divinginasia.com/images/htms-sattakut-wreck.jpg https://www.divinginasia.com/images/wreck.jpg,,2026-03-27 16:24:21.72643+00,2026-03-28 20:54:03.477122+00
68163cb9-b14c-4552-bdfa-1dd75dee2d53,msdt-program,en,why_items,text,"Teach at least five PADI Specialty courses
Gain hands-on experience through team teaching and mentorship
Increase your employability and earning potential
Stand out to dive centers and resorts worldwide
Enhance your confidence and teaching skills",,2026-03-28 13:22:02.219507+00,2026-03-28 13:22:02.219507+00
682d681c-c133-4326-b74c-bfe0233d3060,medical-services,nl,cta_wellness,text,Wellnessactiviteiten,,2026-03-28 13:46:34.702478+00,2026-03-28 14:56:21.792803+00
690525f0-554b-4f46-a16d-89c2592ef4f6,green-sea-turtle,nl,size,text,"Tot 1,5m (5ft), 150-200kg",seed-script,2026-03-28 14:15:08.09076+00,2026-03-28 14:15:08.09076+00
693d71d6-1750-4510-88ad-48ded8ccdd3b,msdt-program,en,overview_items,text,"Choose five PADI Specialty Instructor ratings (e.g., Deep, Wreck, Nitrox, Night, Sidemount, etc.)
Participate in hands-on workshops and real-world teaching scenarios
Team teach with experienced Course Directors and Staff Instructors
Receive guidance on course standards, logistics, and student management
Log at least 25 certifications to qualify for the MSDT rating",,2026-03-28 13:22:02.219507+00,2026-03-28 13:22:02.219507+00
6955e2fe-ff5c-44a0-8054-8e8f8972ca9e,hawksbill-sea-turtle,nl,conservation_status,text,Ernstig bedreigd,seed-script,2026-03-28 14:15:08.526272+00,2026-03-28 14:15:08.526272+00
699089b8-2256-4f51-a41c-80e240ef2157,nudibranchs,nl,size,text,1-15cm afhankelijk van soort,seed-script,2026-03-28 14:15:08.09076+00,2026-03-28 14:15:08.09076+00
69d17e0d-b4a4-4f38-949e-0b9c5b1914d3,shark-island,en,quick_facts_difficulty,text,Beginner-Intermediate,,2026-03-27 13:40:10.789117+00,2026-03-31 17:53:58.616512+00
69dcd32f-4a6e-4e36-942e-4098a721b000,accommodation,nl,roomsTitle,text,Onze kamers,,2026-03-27 11:51:48.105016+00,2026-03-28 20:56:02.462461+00
6a247a9b-1bed-4315-8073-078462e1c4c5,chumphon-pinnacle,en,quick_facts_location,text,30 minutes offshore,,2026-03-27 13:40:10.789117+00,2026-04-09 11:24:36.795351+00
6a4d417a-ebaf-4492-8982-80e5f5380868,instructor,nl,faq_4_q,text,Waarom Koh Tao kiezen voor een IDC?,,2026-03-28 13:19:45.973231+00,2026-03-28 13:19:45.973231+00
6a5eb16f-097a-44dc-b681-bf28d66a8444,home,en,about_paragraph_2,textarea,"Lifetime certifications valid worldwide, at a surprisingly low price. Earn your PADI diving certification here for 9000 baht, now including 4 nights accommodation in the course price.",contact@prodiving.asia,2026-03-12 10:01:50.741687+00,2026-03-16 18:01:39.262481+00
6a8162e6-e659-4043-8f93-d44a27a5b179,home,nl,course_efr_price_eur,text,120,contact@prodiving.asia,2026-03-12 10:57:14.010608+00,2026-03-14 18:50:05.442579+00
6a91bd2b-3c8c-462e-8505-e39b5c44fce9,home,en,course_discover_scuba_price,text,"฿2,500",contact@prodiving.asia,2026-03-12 10:01:50.741687+00,2026-03-16 18:01:39.262481+00
6aa8b00c-5125-4d03-910f-c791f498378d,instructor,en,faq_1_a,text,"Contact us for course dates, schedule options and the application process. We can guide you step-by-step from prerequisites to enrollment.",,2026-03-28 13:19:45.973231+00,2026-03-28 13:19:45.973231+00
6b26de82-89ba-4f88-bdcc-530c37a31916,fun-diving,nl,fun_diving_ready_title,text,Ready to Explore?,,2026-03-28 13:10:40.754266+00,2026-03-30 11:23:47.936366+00
6b2d0569-82bc-4b37-b45c-35218b4e1973,blacktip-reef-shark,nl,description,text,"Veelvoorkomende rifhaai met herkenbare zwarte puntjes op de vinnen, belangrijk voor een gezond koraalrifecosysteem.",seed-script,2026-03-28 14:15:08.526272+00,2026-03-28 14:15:08.526272+00
6ba21f32-1e12-4eae-b962-e5c47c4a59ec,fun-diving,nl,fun_diving_ready_body,text,"Whether you're a newly certified Open Water diver or an experienced technical diver, we have the perfect dive sites and packages for you. Book your fun diving adventure today!",,2026-03-28 13:10:40.754266+00,2026-03-30 11:23:47.936366+00
6baa9120-b06d-44f3-90c3-a0adb1677299,fun-diving,nl,fun_diving_overview_title,text,From Breathtaking Shipwrecks to Exotic Marine Life,,2026-03-28 13:10:40.754266+00,2026-03-30 11:23:47.936366+00
6beb96de-ee42-4260-b5f0-4fe99fb20e7d,instructor,nl,section_prereq_body,text,"Vereisten: PADI Divemaster (of gelijkwaardig), geldige EFR en een minimumaantal gelogde duiken volgens PADI-richtlijnen. Kandidaten moeten de Instructor-examens en beoordelingen succesvol afronden.",,2026-03-28 13:19:45.973231+00,2026-03-28 13:19:45.973231+00
6c04da42-31e8-47f1-aa0a-94369eec06cd,nudibranchs,nl,description,text,"Kleurrijke zeenaaktslakken met ongelooflijke patronen en vormen, perfect voor macrofotografie.",seed-script,2026-03-28 14:15:08.09076+00,2026-03-28 14:15:08.09076+00
6c07c701-ff06-445b-97f6-da7c185f1155,home,en,course_discover_scuba_max_depth,text,12m,contact@prodiving.asia,2026-03-12 10:01:50.741687+00,2026-03-16 18:01:39.262481+00
6c28b269-8d4b-4796-9505-4f982bef8d88,accommodation,nl,viewRooms,text,Bekijk kamers,,2026-03-27 11:51:48.105016+00,2026-03-28 20:56:02.462461+00
6c537c29-39b2-4327-8cca-e55f783d4b79,mango-bay,en,diving_tips,text,"Perfect for beginners and training dives
Also excellent for snorkeling
Look for grazers in seagrass and reef life
Great spot for underwater photography
Calm water ideal for learning buoyancy
Multiple coral bommies to explore
Suitable for longer dives
Perfect for Open Water certification dives",,2026-03-27 13:40:10.789117+00,2026-03-28 12:47:09.516174+00
6c5ef2f2-86a8-410d-bf7a-1f3b8e1d8f1a,green-sea-turtle,nl,diet,text,"Zeegras, algen, zeeplanten",seed-script,2026-03-28 14:15:08.09076+00,2026-03-28 14:15:08.09076+00
6cb338a6-0887-4418-bd38-1b79e3d688b3,fun-diving,nl,fun_diving_marine_tab_title,text,Discover the Underwater World,,2026-03-28 13:10:40.754266+00,2026-03-30 11:23:47.936366+00
6d3cc7c7-ba3e-40d9-a393-13dc5b475d39,marine-life-page,en,intro_text,text,"The tropical waters around Koh Tao are rich in marine life and biodiversity. With stable water temperatures between 26-29°C year-round, the sea is an ideal habitat for diverse fauna and flora. From gentle giants like whale sharks to tiny macro species, Koh Tao offers encounters with some of the most fascinating sea creatures in the world.",seed-script,2026-03-28 14:15:08.526272+00,2026-03-28 14:15:08.526272+00
6d52b6bb-891c-41fc-960c-fb0b712220b9,instructor,en,sidebar_cta,text,Enquire / Apply,,2026-03-28 13:19:45.973231+00,2026-03-28 13:19:45.973231+00
6d60751b-f2d8-4f7a-b2a6-560849ca8b8b,fun-diving,en,fun_diving_ready_title,text,Ready to Explore?,,2026-03-27 12:57:03.657442+00,2026-03-27 12:57:03.657442+00
6ddb4ba9-a060-4069-8642-59bbc11caa35,blacktip-reef-shark,nl,frequency,text,Zeer veelvoorkomend op ondiepe riffen,seed-script,2026-03-28 14:15:08.526272+00,2026-03-28 14:15:08.526272+00
6df5948d-24c8-4746-a4cf-24f517eb60fc,japanese-gardens,nl,marine_life_highlights,text,"Pink-tailed triggerfish
Ocellated adelaarsrog
Gemarmerde octopus
Blue-ringed octopus
Naaktslakken en platwormen
Papegaaivissen en lipvissen
Anthias en juffervissen
Murenen en koraalduivels",,2026-03-27 13:40:10.789117+00,2026-03-28 12:47:09.516174+00
6e0eb155-5cc0-4927-80ab-b5a5be1ce4d7,weather-koh-tao,nl,packing_list,text,"Zonnebrand met hoge SPF (reef-safe)
Lichte, ademende kleding
Regenjas of poncho (voor het regenseizoen)
Waterdichte tas voor elektronica
Pet/hoed en zonnebril
Sneldrogende kleding voor wateractiviteiten",,2026-03-28 13:46:34.702478+00,2026-03-28 13:46:34.702478+00
6e43fd2e-979b-4881-81f6-9087572fdc3c,chumphon-pinnacle,en,marine_life_highlights,text,Whalesharks (regular sightings) Giant Trevally schools Chevron Barracuda Eagle Rays Scad and Fusilier schools Giant Barracuda Kingfish Various reef fish species,,2026-03-27 13:40:10.789117+00,2026-04-09 11:24:36.795351+00
6e596252-e1e7-4c90-a694-538395aa7c64,contact,nl,email_value,text,contact@prodiving.asia,contact@prodiving.asia,2026-03-12 10:14:37.06477+00,2026-03-14 18:57:12.645596+00
6e7f5bb8-4d0a-44ae-9972-7cae42933858,koh-tao-dive-sites,en,stat3_text,text,Wrecks and structures for unique dives,seed-script,2026-03-28 14:03:22.715903+00,2026-03-28 14:03:22.715903+00
6f33c3ae-f87e-4e75-b1d4-b19861f28960,shark-island,nl,quick_facts_location,text,Zuidkust,,2026-03-27 13:40:10.789117+00,2026-03-28 12:47:09.516174+00
6f46e4c3-b1c3-4545-8aa1-4a233a188724,medical-services,en,care_list,text,"Multiple clinics and pharmacies in Mae Haad and Sairee
Basic care and first aid available
Emergency services: call 1669
Nearest hospital is on Koh Samui (boat transfer required for serious cases)
Recompression chamber for diving emergencies",,2026-03-28 13:46:34.702478+00,2026-03-28 13:46:34.702478+00
7006c08a-90fa-4c42-a293-93633cf8bc43,discover-scuba,nl,price_usd,text,72,seed-script,2026-03-28 13:10:40.754266+00,2026-03-28 14:24:16.326594+00
70acc181-6d89-4330-a9e4-47b49b83de14,open-water,nl,main,text,main test,,2026-03-28 13:10:40.754266+00,2026-03-28 13:10:40.754266+00
7107c8f7-84eb-40eb-a028-d5860765165c,dive-sites/twins-pinnacle,en,quick_facts_location,text,,,2026-03-31 17:44:30.907201+00,2026-03-31 17:54:49.644632+00
71212ef3-4a77-4a1f-8c3a-b70f167db977,green-sea-turtle,nl,conservation_status,text,Bedreigd,seed-script,2026-03-28 14:15:08.09076+00,2026-03-28 14:15:08.09076+00
714299ef-df84-4681-8d58-359ac29be98a,dive-sites/chumphon-pinnacle,en,overview,text,"Chumphon Pinnacle is one of Koh Tao's most spectacular deep dive sites, located 30 minutes offshore. This granite pinnacle rises dramatically from the deep ocean floor, creating a natural cleaning station for large marine life. The site is particularly famous for its reliable whaleshark sightings, with these gentle giants often cruising the depths. Massive schools of trevally and chevron barracuda create mesmerizing displays, while eagle rays and other pelagics add to the excitement. The pinnacle's structure provides excellent swim-through opportunities and superb photographic subjects.
 dssfd",,2026-03-28 20:43:16.430069+00,2026-03-28 20:54:03.477122+00
7142d169-acf5-4921-80a3-759340672b79,fun-diving,nl,fun_diving_hero_subtitle,text,"Experience the best of Koh Tao's underwater world with our professionally guided fun dive trips. Discover colorful coral reefs, meet amazing marine life, and make unforgettable memories.",,2026-03-28 13:10:40.754266+00,2026-03-30 11:23:47.936366+00
7151fd72-7a6e-4636-8b3d-d8ca5fe32b57,sail-rock,nl,quick_facts_depth,text,18-40m,,2026-03-27 13:40:10.789117+00,2026-03-28 12:47:09.516174+00
71bd7b12-d532-4311-a4bd-60982998451d,discover-scuba-deluxe,en,course_overview,text,"The Course Overview
Discover Scuba Diving Deluxe is ideal if you want more than a short try dive. You begin with foundational skills in a controlled environment and then continue to multiple open water dives around Koh Tao with your instructor.",,2026-03-19 12:13:52.569181+00,2026-03-27 11:00:11.161657+00
71c1563a-6e37-4705-90f2-5c137a95dca4,koh-tao-dive-sites,nl,hero_text,text,"Ontdek meer dan 25 geweldige duiklocaties rond Koh Tao, van ondiepe koraalriffen tot diepe oceaanpinnacles. Elke plek biedt unieke onderwaterervaringen en rijk zeeleven.",seed-script,2026-03-28 14:03:22.715903+00,2026-03-28 14:03:22.715903+00
7225e1d1-f7e4-457e-ad17-36d8a505e9b5,home,en,course_instructor_price_usd,text,1710,contact@prodiving.asia,2026-03-12 13:33:29.379002+00,2026-03-16 18:01:39.262481+00
72676072-e6ba-45be-8618-7f1278c71c4d,sail-rock,en,quick_facts_difficulty,text,Advanced,,2026-03-27 13:40:10.789117+00,2026-03-28 12:47:09.516174+00
727b7e73-5723-4611-b987-1fec918f2fa1,things-to-do,nl,cta_beaches,text,Ontdek stranden,,2026-03-28 13:31:13.441375+00,2026-03-28 13:31:13.441375+00
72d82e68-672e-4de5-a9bc-6460a9b96534,japanese-gardens,en,images,text,https://www.divinginasia.com/images/japanandwins.jpg,,2026-03-27 16:24:21.72643+00,2026-03-28 12:47:09.516174+00
72e6c422-8364-4e94-9cde-d19bc867b36f,scuba-diver,nl,price_thb,text,8500,seed-script,2026-03-12 14:55:52.765748+00,2026-03-28 14:24:15.888987+00
72ee0fec-2fdc-4483-9fdd-0d8b449cd616,dive-sites/sail-rock,en,overview,text,rwst xirebt,contact@prodiving.asia,2026-03-20 09:07:19.116003+00,2026-03-28 20:54:03.477122+00
730598af-6e58-4030-bab5-d3b070b4bff5,south-west-pinnacle,nl,quick_facts_difficulty,text,Gevorderd,,2026-03-27 13:40:10.789117+00,2026-03-28 12:47:09.516174+00
7388e248-bb49-4cfd-9a77-1da541de20a5,home,nl,course_advanced_price_usd,text,275,contact@prodiving.asia,2026-03-12 10:57:14.010608+00,2026-03-14 18:50:05.442579+00
73a3c98d-48af-4452-ae2f-022d6819c0b8,instructor,en,faq_3_q,text,Can I continue professional training after the IDC?,,2026-03-28 13:19:45.973231+00,2026-03-28 13:19:45.973231+00
73c4b4f9-16ab-4056-8339-1082e35370ac,instructor,en,faq_4_a,text,"Koh Tao combines excellent dive sites, experienced instructors, affordable living costs and a strong dive community, making it one of the best places to build a dive career.",,2026-03-28 13:19:45.973231+00,2026-03-28 13:19:45.973231+00
7448662c-2be8-4476-959c-f64b3f2aac89,home,nl,gallery_subtitle,textarea,Ontdek onze adembenemende schoonheid van Koh Tao in onze foto galerij.,contact@prodiving.asia,2026-03-12 10:57:14.010608+00,2026-03-14 18:50:05.442579+00
745501d3-b37c-4845-ae8b-80d91c1adeef,chumphon-pinnacle,nl,overview,text,"Chumphon Pinnacle is een van de meest spectaculaire diepduiklocaties van Koh Tao, op ongeveer 30 minuten varen uit de kust. Deze granieten rotstop rijst steil op vanaf de oceaanbodem en vormt een natuurlijke schoonmaakplek voor grote zeedieren. De locatie staat vooral bekend om de betrouwbare walvishaaiwaarnemingen — deze zachte reuzen cruisen hier regelmatig door de diepte. Indrukwekkende scholen giant trevally en chevron-barracuda zorgen voor spectaculaire taferelen, terwijl adelaarsroggen en andere pelagische soorten extra dynamiek toevoegen. De structuur van de pinnacle biedt fraaie doorgangen en geweldige mogelijkheden voor onderwaterfotografie.",,2026-03-27 13:40:10.789117+00,2026-03-28 21:03:37.497664+00
745c48e9-17bc-4b68-9626-a5f82bee183e,scuba-diver,nl,price_usd,text,245,contact@prodiving.asia,2026-03-12 14:55:52.765748+00,2026-03-28 14:21:05.68676+00
748baa23-cd63-49a6-b124-02ae20b224b5,discover-scuba-deluxe,nl,course_overview,text,"The Course Overview
Discover Scuba Diving Deluxe is ideal if you want more than a short try dive. You begin with foundational skills in a controlled environment and then continue to multiple open water dives around Koh Tao with your instructor.",,2026-03-28 13:10:40.754266+00,2026-03-28 13:10:40.754266+00
74b596ea-bc53-4c3b-aadb-51e253ac2768,marine-life-page,en,sharks_title,text,Reef sharks,seed-script,2026-03-28 14:15:08.526272+00,2026-03-28 14:15:08.526272+00
74b6c96b-3719-402b-9692-ffdc2ba021c6,accommodation,en,whyStayBody,text,"You stay close to the dive center, boats, and restaurants. Less travel time means more time enjoying Koh Tao.",,2026-03-27 11:51:48.105016+00,2026-03-28 20:55:30.812602+00
74f0c18d-37ea-4f22-b223-fef6e2b265d2,green-sea-turtle,en,size,text,"Up to 1.5m (5ft), 150-200kg",seed-script,2026-03-28 14:15:08.09076+00,2026-03-28 14:15:08.09076+00
7594fe99-b511-4132-be90-a8af12e266ea,nudibranchs,en,detailed_description,text,"Nudibranchs are living artworks found throughout Koh Tao’s reefs. These shell-less mollusks show huge variation in color, pattern, and body shape. With hundreds of species, from fingertip size to nearly hand-sized, they remain endlessly fascinating for macro photographers and marine life enthusiasts. Their variety and photogenic behavior make them favorite subjects in underwater photography.",seed-script,2026-03-28 14:15:08.09076+00,2026-03-28 14:15:08.09076+00
759d0f67-316c-4077-9c58-886f50130988,home,en,course_discover_scuba_deluxe_price_eur,text,132,contact@prodiving.asia,2026-03-12 13:33:29.379002+00,2026-03-16 18:01:39.262481+00
75dc98b5-2bce-4bd0-b0ef-9637206bea29,nudibranchs,nl,best_time,text,"Hele jaar, vooral na sterkere stroming",seed-script,2026-03-28 14:15:08.09076+00,2026-03-28 14:15:08.09076+00
7612c148-d298-4c55-b2de-5ebaefa455fc,discover-scuba,nl,faq_1_question,text,Wat is Discover Scuba Diving (DSD)?,seed-script,2026-03-28 14:22:37.204447+00,2026-03-28 14:24:16.326594+00
7625db55-dbe1-417b-b898-42f2911f7a32,htms-sattakut,en,overview,text,"HTMS Sattakut is a fascinating WWII-era ex-US Navy vessel deliberately sunk in 2011 to create an artificial reef. This 30-meter long wreck lies between Koh Tao and Koh Nang Yuan at depths of 18-30 meters. The wreck has become a thriving artificial reef, completely covered in corals and home to a diverse array of marine life. The ship's structure provides excellent swim-through opportunities, from the engine room to the bridge. Large groupers, snappers, and barracuda now call this wreck home, and it's become a premier wreck diving destination in Southeast Asia. tets",,2026-03-27 13:40:10.789117+00,2026-03-28 20:54:03.477122+00
766bd6fe-5071-4ec2-aa71-6eee768072df,how-to-get-here,en,options_list,text,"By ferry:|Koh Tao is only accessible by boat. Ferries depart from Chumphon, Surat Thani, Koh Samui, and Koh Phangan. Popular operators include Lomprayah, Songserm, and Seatran.
By train:|Take a train from Bangkok to Chumphon and transfer to the ferry there.
By bus:|Buses from Bangkok and other cities connect to ferry terminals in Chumphon and Surat Thani.
By plane:|Fly to Koh Samui, Chumphon, or Surat Thani and then take a ferry to Koh Tao.",,2026-03-28 13:42:12.192138+00,2026-03-28 13:42:12.192138+00
7672903c-a208-4bba-86c6-bf3734555b14,fun-diving,nl,fun_diving_all_sites_title,text,All Dive Sites,,2026-03-28 13:10:40.754266+00,2026-03-30 11:23:47.936366+00
76c65934-1ce7-4a38-b74d-3f1943606b59,contact,en,email_value,text,contact@divinginasia.com,contact@prodiving.asia,2026-03-12 14:31:13.936296+00,2026-04-06 04:40:49.337206+00
76e08b8d-0894-41a5-94d3-384d7b9394e2,hawksbill-sea-turtle,nl,photography_tips,text,"Ga uiterst voorzichtig te werk - ze zijn erg schuw
Fotografeer op afstand om verstoring te voorkomen
Neem de karakteristieke snavel duidelijk op in je foto's
Leg het mooie patroon van het schild vast
Gebruik natuurlijk licht en indien mogelijk een langere lens
Wees voorbereid op snelle, plotselinge bewegingen",seed-script,2026-03-28 14:15:08.526272+00,2026-03-28 14:15:08.526272+00
77149770-db12-4201-b22f-ccec61920421,scuba-diver,nl,section_3_content,text,"Kortere cursus dan de volledige Open Water-cursus
Perfecte introductie tot duiken
Op te waarderen naar Open Water-certificering
Leuke en ontspannen leeromgeving
Verken de prachtige riffen van Koh Tao",seed-script,2026-03-28 14:22:37.204447+00,2026-03-28 14:24:16.326594+00
778d7c99-28bf-43a7-a10e-552bfee07c19,open-water,en,price_usd,text,320,contact@prodiving.asia,2026-03-10 12:04:54.885159+00,2026-04-05 09:49:05.165101+00
779cbd58-48f6-4e93-9c4c-6b8985070615,things-to-do,en,cta_fun_diving,text,Go fun diving,,2026-03-28 13:31:13.441375+00,2026-03-28 13:31:13.441375+00
77d363b0-7090-47f6-aba5-eda0dab9ab63,marine-life-page,en,sea_turtles,text,"Green sea turtle|Herbivorous sea turtles that graze on seagrass and algae, often seen in shallow bays.|Up to 1.5m|Shallow bays and reefs|Year-round|/marine-life/green-sea-turtle
Hawksbill sea turtle|Beautiful turtles with a distinctive beak-like mouth, known for feeding on sponges.|Up to 1m|Coral reefs|Year-round|/marine-life/hawksbill-sea-turtle",seed-script,2026-03-28 14:15:08.842017+00,2026-03-28 14:15:08.842017+00
780e1263-d696-4b0f-b5eb-d0180cf5ac6c,home,nl,course_divemaster_price,text,"฿41,000",contact@prodiving.asia,2026-03-12 10:57:14.010608+00,2026-03-14 18:50:05.442579+00
7812a0a4-5735-406f-b9b7-43ad644504c3,marine-life-page,nl,intro_text,text,De tropische wateren rond Koh Tao kennen een enorme rijkdom aan zeeleven en biodiversiteit. Met stabiele watertemperaturen tussen 26-29°C het hele jaar door vormt de zee een ideaal leefgebied voor diverse soorten fauna en flora. Van vriendelijke reuzen zoals walvishaaien tot kleine macrosoorten: Koh Tao biedt ontmoetingen met enkele van de meest fascinerende zeedieren ter wereld.,seed-script,2026-03-28 14:15:08.842017+00,2026-03-28 14:15:08.842017+00
7816b1b4-8c02-45b8-8f55-e811b4c94e49,msdt-program,nl,hero_title,text,PADI Master Scuba Diver Trainer (MSDT) Programma,,2026-03-28 13:22:02.219507+00,2026-03-28 13:22:02.219507+00
7839503f-9ae5-4bb9-91ca-59138d169300,idc,en,hero_title,text,Instructor Training,,2026-03-19 11:46:43.890108+00,2026-03-28 13:07:53.76759+00
784dad31-f0e1-4234-a9d5-ab36bcbe32d2,koh-tao-dive-sites,nl,booking_title,text,Ontdek de onderwaterwereld van Koh Tao,seed-script,2026-03-28 14:03:22.715903+00,2026-03-28 14:03:22.715903+00
78cfd969-0fb1-4176-916f-c6e97ce716aa,things-to-do,nl,ideas_list,text,"Maak een dagtrip naar Koh Nang Yuan voor snorkelen en iconische uitzichten
Probeer rotsklimmen of boulderen voor avontuur op het land
Proef streetfood op de avondmarkt in Sairee",,2026-03-28 13:31:13.441375+00,2026-03-28 13:31:13.441375+00
794a0347-c205-4a3f-a5da-da4d4f26078e,contact,nl,form_email_label,text,Email,contact@prodiving.asia,2026-03-12 10:14:37.06477+00,2026-03-14 18:57:12.645596+00
794d33a7-7098-4eeb-8e56-780413015590,shark-island,en,quick_facts_best_time,text,"Year-round, excellent during dry season",,2026-03-27 13:40:10.789117+00,2026-03-31 17:53:58.616512+00
79ac74ab-b0d3-4d84-8703-0e9987fd3e81,koh-tao-dive-sites,en,shallow_title,text,Shallow dive sites for beginners,seed-script,2026-03-28 14:03:22.715903+00,2026-03-28 14:03:22.715903+00
79caea19-b7db-41b2-972c-05e530aed5ce,sail-rock,en,overview,text,"Koh Tao's premier deep dive site featuring large schools of fish, whalesharks, and giant barracuda. Sail Rock is widely regarded as the Gulf of Thailand's premier scuba diving site. Located 40 minutes offshore, this impressive granite pinnacle rises from the deep blue ocean to within 18 meters of the surface. The site is famous for its 'Chimney' - a distinctive vertical swim-through that creates a natural vortex attracting large pelagic fish. Whalesharks are frequently sighted cruising the depths, and the site hosts massive schools of snapper, fusiliers, and chevron barracuda. Eagle rays and sailfish are also common visitors, making this a truly spectacular deep diving experience.",,2026-03-27 13:40:10.789117+00,2026-03-28 12:47:09.516174+00
7a12b04c-e868-45dd-ae8f-969292d61c82,instructor,en,section_learn_items,text,"Teaching and presentation skills
Course management and student evaluation
Risk management and leadership
Marketing and business development for instructors",,2026-03-28 13:19:45.973231+00,2026-03-28 13:19:45.973231+00
7aabb7b1-974b-41d5-be39-d4b6f385e695,home,en,course_open_water_price,text,"฿11,000 (approximate rate at time of booking)",contact@prodiving.asia,2026-03-12 10:01:50.741687+00,2026-03-16 18:01:39.262481+00
7aac77d2-7771-479c-b8d8-b0891ddf9a3e,hawksbill-sea-turtle,nl,size,text,"Tot 1m (3,3ft), 50-80kg",seed-script,2026-03-28 14:15:08.526272+00,2026-03-28 14:15:08.526272+00
7ab36fbb-6acb-49a4-9878-37da3a3de977,home,en,course_efr_description,textarea,"Why not Learn CPR, first aid, and emergency response skills essential for divers and non-divers.",contact@prodiving.asia,2026-03-12 10:01:50.741687+00,2026-03-27 10:04:26.98066+00
7ab3f5d3-de21-462c-8092-5b827e29b249,koh-tao-info,en,highlights_title,text,Island highlights,,2026-03-28 13:31:13.441375+00,2026-03-28 13:31:13.441375+00
7acfa8c8-b604-4034-83af-469c9d40209f,sail-rock,en,what_you_can_see,text,"Whalesharks
Giant Barracuda
Malabar Grouper
Sailfish",,2026-03-27 13:40:10.789117+00,2026-03-28 12:47:09.516174+00
7b61d68b-4c07-4269-9851-40a4e9e21af4,south-west-pinnacle,nl,overview,text,"South West Pinnacle is een diepe offshore duiklocatie met meerdere granieten pinnacles en rotsblokken die vanaf de bodem omhoogkomen. De site ligt op 30-40 minuten varen van Koh Tao en staat bekend om spannende blue-water-ontmoetingen en sterke kans op pelagische soorten. Je ziet hier vaak scholen barracuda, trevally en makreel, met af en toe walvishaaien en brydevinvissen. Door de diepte en mogelijke stroming is dit een uitdagende maar zeer belonende duik voor ervaren duikers.",,2026-03-27 13:40:10.789117+00,2026-03-28 12:47:09.516174+00
7b8989eb-69b0-40f8-836b-275002414651,hawksbill-sea-turtle,en,diet,text,"Sponges, tunicates, jellyfish",seed-script,2026-03-28 14:15:08.526272+00,2026-03-28 14:15:08.526272+00
7b8adfaf-cd3a-4072-ba7f-fc24ff13c61f,shark-island,nl,what_you_can_see,text,"Zeewaaiers
Zwepkoralen
Zwartpuntrifhaaien
Tropische vissen",,2026-03-27 13:40:10.789117+00,2026-03-28 12:47:09.516174+00
7ba06491-389f-4dfb-9901-0476afd19343,dive-sites/sail-rock,en,quick_facts,text,<p>25-40 temperature</p>,,2026-03-20 09:07:19.116003+00,2026-03-28 20:10:44.702835+00
7c3c4e97-3b4d-4302-b5b1-9a75463d339d,home,nl,course_instructor_level,text,Professioneel,contact@prodiving.asia,2026-03-12 10:57:14.010608+00,2026-03-14 18:50:05.442579+00
7c4b0cb2-2a40-4862-b89a-3ea56675630b,scuba-diver,en,section_2_title,text,Course structure,seed-script,2026-03-28 14:22:36.581793+00,2026-03-28 14:24:15.888987+00
7c508ef2-6018-4666-80da-e3301d656465,dive-sites/chumphon-pinnacle,en,quick_facts_location,text,30 minutes offshore,,2026-03-28 20:43:16.430069+00,2026-03-28 20:54:03.477122+00
7c78b3c6-535e-418c-b4d9-92fa8794c5da,specialty/night-diver,en,duration,text,2 days,contact@prodiving.asia,2026-03-12 10:27:14.506533+00,2026-03-12 10:27:41.009635+00
7cae873e-3025-4523-870d-b0c1d04b240b,rescue,en,section_3_content,text,"Course materials and certification
Rescue skills training in pool and open water
All equipment rental",seed-script,2026-03-28 14:22:37.579329+00,2026-03-28 14:24:16.617176+00
7cb9acf3-4fc6-4b55-98ec-64a1bc77ced2,specialty/night-diver,nl,price_usd,text,188,,2026-03-28 13:10:40.754266+00,2026-03-28 13:10:40.754266+00
7cd4a144-cbd4-49f1-a254-e7f0eb8f71a8,home,nl,course_rescue_title,text,PADI Rescue Diver Cursus,contact@prodiving.asia,2026-03-12 10:57:14.010608+00,2026-03-14 18:50:05.442579+00
7d248508-f2dc-49a5-a40a-8f3498523cf9,weather,nl,avg_water_temp,text,29–30°C,contact@prodiving.asia,2026-03-12 18:28:13.575925+00,2026-03-27 09:36:16.208845+00
7d308898-2e44-46ea-9296-e9a006bed489,home,en,course_efr_price_usd,text,130,contact@prodiving.asia,2026-03-12 13:33:29.379002+00,2026-03-16 18:01:39.262481+00
7d44da53-83b6-4fc7-aaf0-f9885eb19fd8,home,en,course_discover_scuba_deluxe_max_depth,text,12m,contact@prodiving.asia,2026-03-12 10:01:50.741687+00,2026-03-16 18:01:39.262481+00
7d682a55-bd72-4583-bc37-1eace2e1d6ab,fun-diving,en,fun_diving_hero_subtitle,text,"Experience the best of Koh Tao's underwater world with our professionally guided fun dive trips. Discover colorful coral reefs, meet amazing marine life, and make unforgettable memories.",,2026-03-27 12:57:03.657442+00,2026-03-27 12:57:03.657442+00
7d796134-4fb0-4a57-b322-4e03ca140c18,dive-sites/chumphon-pinnacle,en,marine_life_highlights,text,Whalesharks (regular sightings) Giant Trevally schools Chevron Barracuda Eagle Rays Scad and Fusilier schools Giant Barracuda Kingfish Various reef fish species,,2026-03-28 20:43:16.430069+00,2026-03-28 20:54:03.477122+00
7d857d69-26ea-4b86-8fad-4e42a48e77b7,home,en,course_efr_duration,text,1 day,contact@prodiving.asia,2026-03-12 10:01:50.741687+00,2026-03-16 18:01:39.262481+00
7d96a417-8a1c-4935-a145-1579ca51bb3b,instructor,en,contact_cta,text,Get in touch to book/enquire,,2026-03-28 13:19:45.973231+00,2026-03-28 13:19:45.973231+00
7dcc8982-bf0e-4778-bc40-88072edf24f6,home,en,course_divemaster_price_eur,text,1090,contact@prodiving.asia,2026-03-12 13:33:29.379002+00,2026-03-16 18:01:39.262481+00
7de8ead2-67e0-487c-ad38-888e2034d23c,green-sea-turtle,nl,photography_tips,text,"Benader langzaam en vermijd plotselinge bewegingen
Fotografeer op waterniveau voor een sterke perspectiefwerking
Neem ook de leefomgeving van de schildpad mee in je compositie
Gebruik natuurlijk licht en vermijd flits
Wees geduldig en laat de schildpad naar jou toe komen
Respecteer hun ruimte en jaag ze niet op",seed-script,2026-03-28 14:15:08.09076+00,2026-03-28 14:15:08.09076+00
7dea3b64-dc62-4b11-8395-f6a19176238e,contact,en,footer_line_1,textarea,Copyright © 2026 Pro Diving Asia. All rights reserved. Powered by One Media Asia @ www.onemedia.asia,contact@prodiving.asia,2026-03-12 14:31:13.936296+00,2026-04-06 04:40:49.337206+00
7dfd162f-6d61-4dd1-a750-a5f2a5caf57a,fun-diving,en,fun_diving_hero_cta,text,Go Fun Diving Koh Tao,,2026-03-27 12:57:03.657442+00,2026-03-27 12:57:03.657442+00
7e3ec3ea-13ac-4141-91af-85ba2cd0399a,instructor,nl,section_overview_title,text,Programmaoverzicht,,2026-03-28 13:19:45.973231+00,2026-03-28 13:19:45.973231+00
7ea14de7-bb71-4221-8275-86d1bdc485cf,instructor,en,faq_2_q,text,Can I work as a PADI Instructor right after completing IDC?,,2026-03-28 13:19:45.973231+00,2026-03-28 13:19:45.973231+00
7eb2f774-d55b-4acd-af56-615ecee7251d,mango-bay,nl,quick_facts_location,text,Baai aan westkust,,2026-03-27 13:40:10.789117+00,2026-03-28 12:47:09.516174+00
7eb834fe-394b-4fb5-b7c4-afb103e76347,accommodation,nl,chooseBooking,text,Kies je accommodatie-optie,,2026-03-27 11:51:48.105016+00,2026-03-28 20:56:02.462461+00
7ebcd89d-eb4f-41b9-a909-6db46b0d884f,sail-rock,nl,marine_life_highlights,text,"Walvishaaien (regelmatige waarnemingen)
Scholen reuzenbarracuda
Malabar tandbaars
Zeilvis en adelaarsrog
Chevron-barracuda
Grote scholen snapper en fusilier
Koningsmakreel
Gemarmerde tandbaars",,2026-03-27 13:40:10.789117+00,2026-03-28 12:47:09.516174+00
7efd63bc-1ad0-4eeb-9ce6-7363ed9f22c6,contact,en,subject_option_1,text,Course Information,contact@prodiving.asia,2026-03-12 14:31:13.936296+00,2026-04-06 04:40:49.337206+00
7f16478e-1d7f-4576-b242-dd093ddebda5,accommodation,nl,viewPictures,text,Bekijk foto's,,2026-03-27 11:51:48.105016+00,2026-03-28 20:56:02.462461+00
7f47c07d-56c4-4138-bf60-dea1e1ae653e,home,nl,course_efr_level,text,First Aid,contact@prodiving.asia,2026-03-12 10:57:14.010608+00,2026-03-14 18:50:05.442579+00
7f52d976-549d-4d6d-a9ba-224e61846931,home,en,course_discover_scuba_deluxe_price_usd,text,144,contact@prodiving.asia,2026-03-12 13:33:29.379002+00,2026-03-16 18:01:39.262481+00
7f57d435-eb27-48d6-ad22-c62e73a138f1,home,nl,course_instructor_price_eur,text,1560,contact@prodiving.asia,2026-03-12 10:57:14.010608+00,2026-03-14 18:50:05.442579+00
7ff035fa-63d9-447b-95c3-d3fd95d5d576,home,en,about_map_alt,text,Map of Koh Tao and dive sites,contact@prodiving.asia,2026-03-12 10:01:50.741687+00,2026-03-16 18:01:39.262481+00
800bf2aa-814f-4fcf-b5bb-7929d5b0c780,advanced,en,section_2_title,text,Prerequisites,seed-script,2026-03-28 14:22:36.581793+00,2026-03-28 14:24:15.888987+00
81519439-a416-4f65-a0ab-fb596c85a187,viewpoints-koh-tao,en,hiking_tips_list,text,"Start early for sunrise and cooler temperatures
Wear sturdy shoes and bring enough water
Trails can be steep and slippery after rain
Best light for photography: early morning and sunset",,2026-03-28 13:42:12.192138+00,2026-03-28 13:46:35.031208+00
817caf17-9a4c-4cb6-b4fd-18d3a19f407a,home,nl,courses_section_title,text,Onze duik cursussen,contact@prodiving.asia,2026-03-12 10:57:14.010608+00,2026-03-14 18:50:05.442579+00
81ba8988-d9d7-46f2-8e4e-945adb42ab4e,home,nl,course_efr_duration,text,1 day,contact@prodiving.asia,2026-03-12 10:57:14.010608+00,2026-03-14 18:50:05.442579+00
81beca01-265d-450f-a110-ffbabd7f6695,rescue,en,duration,text,3 days,seed-script,2026-03-28 14:22:37.579329+00,2026-03-28 14:24:16.617176+00
8223cb5c-9cc9-429f-95f2-e2791c084d69,koh-tao-info,nl,description,text,"Koh Tao, wat ""Schildpadeiland"" betekent, is een klein paradijs in de Golf van Thailand dat bekendstaat om kristalhelder water, kleurrijke koraalriffen en een ontspannen eilandsfeer. Het is een van de beste duikbestemmingen ter wereld en biedt activiteiten voor ieder type reiziger.",,2026-03-28 13:31:13.441375+00,2026-03-28 13:31:13.441375+00
82676135-ea9e-4b9e-b159-76f6b869d4be,things-to-do,nl,subtitle,text,"Ontdek avontuur, ontspanning en eilandcultuur - er is meer dan alleen duiken!",,2026-03-28 13:31:13.441375+00,2026-03-28 13:31:13.441375+00
826f467d-2906-4d88-b826-3974f80a2309,hawksbill-sea-turtle,nl,behavior,text,Gespecialiseerde sponseter die sponspopulaties op riffen helpt reguleren. Veel schuwer en moeilijker te benaderen dan andere schildpadden.,seed-script,2026-03-28 14:15:08.526272+00,2026-03-28 14:15:08.526272+00
829ad101-7873-4585-854a-36384dc2f064,contact,nl,footer_line_1,textarea,© 2026 Pro Diving Asia. All rights reserved. Powered by One Media Asia @ www.onemedia.asia,contact@prodiving.asia,2026-03-12 10:14:37.06477+00,2026-03-14 18:57:12.645596+00
82add889-bccc-4db4-a2a1-7617a7ce599f,sail-rock,en,quick_facts_depth,text,18-40m,,2026-03-27 13:40:10.789117+00,2026-03-28 12:47:09.516174+00
82e7acc0-ca3b-4381-830e-ee35371a98f5,advanced,en,duration,text,2 days,seed-script,2026-03-28 14:22:36.581793+00,2026-03-28 14:24:15.888987+00
830c3c36-a670-4e49-91ce-cdad08c33b74,instructor,nl,section_learn_title,text,Wat je leert,,2026-03-28 13:19:45.973231+00,2026-03-28 13:19:45.973231+00
8336ba7d-e66c-4ec8-a72f-f2125bf8e181,south-west-pinnacle,en,images,text,https://www.divinginasia.com/images/photo-1682686580849-3e7f67df4015.avif,,2026-03-27 16:24:21.72643+00,2026-03-28 20:54:03.477122+00
8365cd43-7d54-4918-a872-e81cfe803e62,twins-pinnacle,en,diving_tips,text,"Perfect for Open Water divers and training dives
Explore the deeper west pinnacle first
Navigate to the middle pinnacle and check the arch on the north side
Look under overhangs at the shallow pinnacle
Don’t miss the famous clownfish with Sebae anemone
Note: there is a stone circle around the clownfish - do not enter
Great for macro photography
Practice buoyancy on the arch and rock formations
Nearby Buoyancy World is dedicated to buoyancy skills
Excellent for marine awareness
Easy navigation thanks to the three peaks",,2026-03-27 13:40:10.789117+00,2026-03-28 12:47:09.516174+00
83a17987-d9dd-456a-a1e7-9ecb1fca4e97,accommodation,en,people,text,Number of people,,2026-03-27 11:51:48.105016+00,2026-03-28 20:55:30.812602+00
83a707c3-fe65-42d5-82e5-678cef3916db,rescue,en,main,text,"The Rescue Diver course teaches you to prevent and manage diving emergencies, perform rescues and work confidently as part of a dive team.",seed-script,2026-03-28 14:24:16.326594+00,2026-03-28 14:24:16.326594+00
83c877f2-1d59-463f-ace3-af7eed378e7b,home,nl,course_instructor_duration,text,2-3 weken,contact@prodiving.asia,2026-03-12 10:57:14.010608+00,2026-03-14 18:50:05.442579+00
83f1749d-68c6-43a1-9b7c-f8c9c88cbb86,fun-diving,en,fun_diving_ready_body,text,"Whether you're a newly certified Open Water diver or an experienced technical diver, we have the perfect dive sites and packages for you. Book your fun diving adventure today!",,2026-03-27 12:57:03.657442+00,2026-03-27 12:57:03.657442+00
8407346b-0e95-43df-a1ee-81fd444fdc0a,marine-life-page,nl,macro_title,text,Macro marien leven,seed-script,2026-03-28 14:15:08.842017+00,2026-03-28 14:15:08.842017+00
840a8be2-16f6-4499-a96f-0a438e969f5f,shark-island,en,quick_facts_location,text,South coast,,2026-03-27 13:40:10.789117+00,2026-03-31 17:53:58.616512+00
846ecbd2-9f9c-4a1f-b6d9-cade8a2e3d48,weather-koh-tao,nl,climate_list,text,"Droog seizoen: februari t/m oktober, warm en zonnig
Regenseizoen: november t/m januari, korte maar hevige buien
Gemiddelde temperatuur: 28-32C
Zeetemperatuur: 27-30C",,2026-03-28 13:46:34.702478+00,2026-03-28 13:46:34.702478+00
84d54909-d2c8-4768-8b3b-a95bb629f80a,twins-pinnacle,en,quick_facts_depth,text,6-18m,,2026-03-27 13:40:10.789117+00,2026-03-28 12:47:09.516174+00
85262e37-8a0f-4076-86c9-38a6b3d9f05d,medical-services,en,important_list,text,"Arrange travel and health insurance before arrival
Malaria prevention may be useful - consult a doctor
The sun is strong - use high-SPF sunscreen
Dehydration is common - drink enough water",,2026-03-28 13:46:34.702478+00,2026-03-28 13:46:34.702478+00
85505fce-decf-46ab-a62a-7ba2ab6318a9,advanced,nl,duration,text,2 dagen,seed-script,2026-03-28 14:22:36.581793+00,2026-03-28 14:24:15.888987+00
8580f2dd-f5d5-4141-acd1-1e854d6ca237,scuba-review,nl,course_overview,text,Quick knowledge review followed by confined and open water skill practice. twst,,2026-03-28 13:10:40.754266+00,2026-03-28 13:10:40.754266+00
85bc7d99-a6e9-4ba0-af3d-8db244391d8a,accommodation,nl,chooseBookingBody,text,Kies Book Our Accommodation om hieronder je kamergegevens in te vullen.,,2026-03-27 11:51:48.105016+00,2026-03-28 20:56:02.462461+00
85d02c38-faf0-49e6-a55b-69dbc0d8d5a0,accommodation,nl,roomsIntro,text,"Of je nu een budgetvriendelijke kamer zoekt of een ruimere familiekamer, we helpen je graag met de beste match voor jouw reis.",,2026-03-27 11:51:48.105016+00,2026-03-28 20:56:02.462461+00
865fb6c2-60a1-49ee-a8a9-1432953efa69,accommodation,nl,heroTitle,text,Verblijf bij ons op Koh Tao,,2026-03-27 11:51:48.105016+00,2026-03-28 20:56:02.462461+00
86a7fef5-df87-469b-a64a-138b8f412296,blacktip-reef-shark,nl,best_time,text,"Hele jaar, vooral tijdens het voortplantingsseizoen",seed-script,2026-03-28 14:15:08.526272+00,2026-03-28 14:15:08.526272+00
87269ae0-dce9-48b1-9a79-987cd3558975,mango-bay,en,quick_facts_depth,text,5-18m,,2026-03-27 13:40:10.789117+00,2026-03-28 12:47:09.516174+00
87b9f6d6-a8d3-49d8-a315-99db7b9d9bd5,advanced,en,section_3_title,text,Inclusions,seed-script,2026-03-28 14:22:36.581793+00,2026-03-28 14:24:15.888987+00
88352f04-e09a-4e55-951e-e74749e30ba8,home,en,course_advanced_level,text,Intermediate,contact@prodiving.asia,2026-03-12 10:01:50.741687+00,2026-03-16 18:01:39.262481+00
8857efac-e9da-49b5-b9ae-b68f93ee0a8d,open-water,en,price_thb,text,11000,contact@prodiving.asia,2026-03-10 12:04:54.885159+00,2026-04-05 09:49:05.165101+00
885c6a5a-8378-4edd-97b6-3e26e1644883,mango-bay,en,what_you_can_see,text,"Colorful reef fish
Clownfish and anemones
Parrotfish and wrasse
Butterflyfish
Angelfish species
Small reef sharks",,2026-03-27 13:40:10.789117+00,2026-03-28 12:47:09.516174+00
89489a38-c4f7-40af-b1be-72a28ef6110f,medical-services,en,cta_wellness,text,Wellness activities,,2026-03-28 13:46:34.702478+00,2026-03-28 13:46:34.702478+00
89e41cbf-61dc-4ad6-a22c-ddbca646e727,instructor,nl,faq_1_q,text,Hoe schrijf ik me in voor de IDC op Koh Tao?,,2026-03-28 13:19:45.973231+00,2026-03-28 13:19:45.973231+00
8a05ec15-2671-4040-a369-a451dc16b769,admin-finance,en,bank_transfer_details,textarea,,,2026-03-28 18:33:20.274249+00,2026-04-11 03:41:00.84257+00
8a0811ad-0241-4fa8-9d66-a32107420cc1,koh-tao-dive-sites,nl,stat1_title,text,25+ locaties,seed-script,2026-03-28 14:03:22.715903+00,2026-03-28 14:03:22.715903+00
8a37b384-502d-4947-8c7f-d43504dedcdb,home,en,hero_subtitle,textarea,"Discover world-class diving, friendly instructors, and unforgettable underwater adventures on Koh Tao.",contact@prodiving.asia,2026-03-12 10:01:50.741687+00,2026-03-16 18:01:39.262481+00
8a3f066f-d598-47b7-8945-c541da1043fe,home,en,course_discover_scuba_deluxe_duration,text,1-2 days,contact@prodiving.asia,2026-03-12 10:01:50.741687+00,2026-03-16 18:01:39.262481+00
8a55f972-ccac-44eb-8cc0-6a3121b25848,discover-scuba,en,price_eur,text,66,seed-script,2026-03-27 10:52:08.104218+00,2026-03-28 16:44:59.316524+00
8a5f21c0-0bad-476a-8339-38f64daf3462,home,en,course_advanced_price_eur,text,250,contact@prodiving.asia,2026-03-12 13:33:29.379002+00,2026-03-16 18:01:39.262481+00
8a745abd-dd0e-49e5-943a-b99a9ac3f676,food-drink,nl,title,text,Eten & drinken op Koh Tao,,2026-03-28 13:42:12.192138+00,2026-03-28 13:42:12.192138+00
8aa32e77-f319-4666-acd6-1081a9b05c0c,msdt-program,en,enroll_body,text,"Ready to become a PADI Master Scuba Diver Trainer? Contact us for course dates, pricing, and to discuss your specialty choices.",,2026-03-28 13:22:02.219507+00,2026-03-28 13:22:02.219507+00
8aa73a57-1f56-4321-b84b-0dd2baca60d1,home,nl,course_rescue_price,text,"฿10,000",contact@prodiving.asia,2026-03-12 10:57:14.010608+00,2026-03-14 18:50:05.442579+00
8b11da61-d1ce-4307-9bcc-adfd0d1d2376,discover-scuba,nl,price_eur,text,66,seed-script,2026-03-28 13:10:40.754266+00,2026-03-28 14:24:16.326594+00
8b1aeffc-f53e-4697-b022-3abc79c8edfa,koh-tao-dive-sites,en,stat2_title,text,Diverse marine life,seed-script,2026-03-28 14:03:22.715903+00,2026-03-28 14:03:22.715903+00
8b20513e-fe3d-4273-8e27-636223162af1,dive-sites/twins-pinnacle,en,overview,text,,,2026-03-31 17:44:30.907201+00,2026-03-31 17:54:49.644632+00
8b35ed6a-66d6-4fa6-9fdf-80d45c51fb1d,koh-tao-info,nl,facts_list,text,"Locatie: 70 km uit de oostkust van Zuid-Thailand
Beroemd om: duiken, snorkelen, mooie stranden en zeeleven
Beste reistijd: februari t/m oktober
Populaire gebieden: Sairee Beach, Chalok Baan Kao, Mae Haad",,2026-03-28 13:31:13.441375+00,2026-03-28 13:31:13.441375+00
8b5500ac-6680-4eb3-8652-6854854111e3,instructor,en,sidebar_title,text,Course Details,,2026-03-28 13:19:45.973231+00,2026-03-28 13:19:45.973231+00
8b8b7872-00b9-4330-81d1-b274d2e18598,contact,nl,opening_hours_line_2,text,Emergency: 24/7,contact@prodiving.asia,2026-03-12 10:14:37.06477+00,2026-03-14 18:57:12.645596+00
8b9b29cd-285a-4078-b600-2e78108bb113,advanced,en,price_thb,text,9500,seed-script,2026-03-28 14:22:36.581793+00,2026-03-28 14:24:15.888987+00
8bcf3a0c-63ea-46f8-a72f-3093cefc4111,home,en,about_title,textarea,From PADI Open Water certifications to PADI Divemaster internships,contact@prodiving.asia,2026-03-12 10:01:50.741687+00,2026-03-16 18:01:39.262481+00
8c8dd4d9-340d-4439-9004-a50b2bf188aa,instructor,nl,cta_primary,text,Informatie over Instructor,,2026-03-28 13:19:45.973231+00,2026-03-28 13:19:45.973231+00
8cbf9938-951f-44f5-9c98-f47205a64c20,green-sea-turtle,en,conservation_status,text,Endangered,seed-script,2026-03-28 14:15:08.09076+00,2026-03-28 14:15:08.09076+00
8ce95934-46b8-4338-ab39-3b76c511cfbc,accommodation,nl,details,text,Extra details,,2026-03-27 11:51:48.105016+00,2026-03-28 20:56:02.462461+00
8cf7c436-53f5-4892-acf9-2340883237c8,scuba-review,en,duration,text,1-2 days,contact@prodiving.asia,2026-03-14 19:44:35.703938+00,2026-03-27 16:34:52.782657+00
8d0a7553-e1e1-4c0c-a217-82a7b62c7123,japanese-gardens,en,quick_facts_best_time,text,"Year-round, best visibility November-May",,2026-03-27 13:40:10.789117+00,2026-03-28 12:47:09.516174+00
8d194e45-5f51-458d-bff9-b08205b0734c,scuba-diver,en,price_eur,text,225,contact@prodiving.asia,2026-03-12 14:56:23.775431+00,2026-03-12 14:56:23.775431+00
8d679a49-2920-4096-b939-c18e156fef70,food-drink,en,subtitle,text,"Discover delicious Thai dishes, fresh seafood, and sunset beach bars.",,2026-03-28 13:42:12.192138+00,2026-03-28 13:42:12.192138+00
8d8e6e52-c67f-4c09-bc96-580e845043d3,open-water,nl,hero_title,text,Open Water-cuurse,contact@prodiving.asia,2026-03-09 17:57:14.068604+00,2026-03-19 09:26:12.870657+00
8d976d52-425f-4dbc-8219-468bb258edc2,open-water,nl,price_usd,text,320,contact@prodiving.asia,2026-03-12 14:50:04.862246+00,2026-03-19 09:07:24.603478+00
8db12f97-8657-47e6-b4ed-2331aee0cba8,Diving tips,en,diving-tips,text,tip 2,,2026-03-27 12:48:26.113092+00,2026-03-27 15:35:56.209368+00
8dd5840e-4066-4ca9-917f-797468e7e84f,chumphon-pinnacle,en,what_you_can_see,text,Whalesharks Trevally Schools Eagle Rays Chevron Barracuda,,2026-03-27 13:40:10.789117+00,2026-04-09 11:24:36.795351+00
8de3c09f-c3a5-42b7-a2a0-5163defad575,accommodation,en,ctaBody,text,Add accommodation to your dive trip and send your request directly.,,2026-03-27 11:51:48.105016+00,2026-03-28 20:55:30.812602+00
8e012c54-a062-4b9f-8884-f3e82fd827a3,pro-level-courses,nl,page_title,text,Pro Level Cursussen & Instructor-specialties,,2026-03-28 13:23:24.29037+00,2026-03-28 13:23:24.29037+00
8e51c5aa-e9ea-40bc-a543-25fa6d7ef237,contact,nl,opening_hours_title,text,Openings uren,contact@prodiving.asia,2026-03-12 10:14:37.06477+00,2026-03-14 18:57:12.645596+00
8e845eb8-1935-45b9-a402-51b8d9daa4dc,viewpoints-koh-tao,en,cta_discover_beaches,text,Discover beaches and more,,2026-03-28 13:42:12.192138+00,2026-03-28 13:46:35.031208+00
8edc2d69-1913-4c31-a8c6-879e50af2340,advanced,nl,faq_2_question,text,Kan ik mijn Adventure Dives kiezen?,seed-script,2026-03-28 14:22:36.581793+00,2026-03-28 14:24:15.888987+00
8f3992b9-459c-4a99-b4cd-5a1c8622d7f6,food-drink,nl,cta_find_stay,text,Zoek verblijf,,2026-03-28 13:42:12.192138+00,2026-03-28 13:42:12.192138+00
8f8528f0-e8c5-48a3-bd80-f3d15259e905,contact,en,form_last_name_label,text,Last Name,contact@prodiving.asia,2026-03-12 14:31:13.936296+00,2026-04-06 04:40:49.337206+00
8fa3f2b7-ab20-42fc-a09c-51b6404e7652,accommodation,nl,whyStayBody,text,"Je verblijft dicht bij het duikcentrum, boten en restaurants. Dat betekent minder reistijd en meer tijd om van Koh Tao te genieten.",,2026-03-27 11:51:48.105016+00,2026-03-28 20:56:02.462461+00
8fc56b24-4ee1-4f7c-88be-a99ae95bc484,green-sea-turtle,nl,frequency,text,Veelvoorkomend in geschikte leefgebieden,seed-script,2026-03-28 14:15:08.09076+00,2026-03-28 14:15:08.09076+00
903e7581-fc41-4bd7-9ae7-380ae4c1374a,home,nl,course_instructor_price_usd,text,1710,contact@prodiving.asia,2026-03-12 10:57:14.010608+00,2026-03-14 18:50:05.442579+00
9096fdca-7ef4-49aa-9cb4-29494fc939a5,marine-life-page,nl,pelagic_title,text,Pelagische soorten,seed-script,2026-03-28 14:15:08.842017+00,2026-03-28 14:15:08.842017+00
9098629f-01c7-4a76-80d0-4ea3c71ff872,medical-services,en,important_title,text,Important information,,2026-03-28 13:46:34.702478+00,2026-03-28 13:46:34.702478+00
90af961c-ba64-4a62-9f17-3ad4750fea57,how-to-get-here,nl,title,text,Hoe kom je op Koh Tao,,2026-03-28 13:42:12.192138+00,2026-03-28 13:42:12.192138+00
90bc5bdc-742f-4f2d-8f29-0538eb64ba1d,green-sea-turtle,nl,habitat,text,"Ondiep kustwater, zeegrasvelden, koraalriffen",seed-script,2026-03-28 14:15:08.09076+00,2026-03-28 14:15:08.09076+00
90d7678e-3b28-492a-be4f-b8deb6b0e4ad,instructor,nl,price_thb,text,68900,,2026-03-28 13:19:45.973231+00,2026-03-28 13:19:45.973231+00
9160be98-c2a6-44f8-80eb-f4910e1b32fa,instructor,nl,hero_title,text,PADI Open Water Scuba Instructor,,2026-03-28 13:19:45.973231+00,2026-03-28 13:19:45.973231+00
919c06b6-05eb-4522-ba11-eff3aea84595,medical-services,en,subtitle,text,"Healthcare and emergency services, available 24/7.",,2026-03-28 13:46:34.702478+00,2026-03-28 13:46:34.702478+00
91c09c19-ddb9-4073-95b2-0aa809992d3d,pro-level-courses,nl,card_description,text,Professionele ontwikkeling en specialtytraining op instructeursniveau.,,2026-03-28 13:23:24.29037+00,2026-03-28 13:23:24.29037+00
91de904a-ee45-4cc8-983b-8bd881762370,advanced,en,section_3_content,text,"Course materials & PADI certification
All equipment rental
Boat fees where applicable
Professional instruction",seed-script,2026-03-28 14:22:36.581793+00,2026-03-28 14:24:15.888987+00
92184591-a7c8-4054-8799-374584eb4b0c,fun-diving,nl,fun_diving_trips_title,text,Trips & Programs,,2026-03-28 13:10:40.754266+00,2026-03-30 11:23:47.936366+00
92336773-dba4-458c-a11f-4744c3388c6e,dive-sites/chumphon-pinnacle,nl,overview,text,"Chumphon Pinnacle is een van de meest spectaculaire diepduiklocaties van Koh Tao, op ongeveer 30 minuten varen uit de kust. Deze granieten rotstop rijst steil op vanaf de oceaanbodem en vormt een natuurlijke schoonmaakplek voor grote zeedieren. De locatie staat vooral bekend om de betrouwbare walvishaaiwaarnemingen — deze zachte reuzen cruisen hier regelmatig door de diepte. Indrukwekkende scholen giant trevally en chevron-barracuda zorgen voor spectaculaire taferelen, terwijl adelaarsroggen en andere pelagische soorten extra dynamiek toevoegen. De structuur van de pinnacle biedt fraaie doorgangen en geweldige mogelijkheden voor onderwaterfotografie.test",,2026-03-28 20:47:21.080002+00,2026-03-28 20:47:21.080002+00
9274108c-5901-4e45-88db-c3c95620830a,advanced,en,course_overview,text,"The PADI Advanced Open Water course improves your underwater skills through hands-on dives. Includes Deep, Navigation, Peak Performance Buoyancy, and two electives like Night or Wreck diving.",seed-script,2026-03-19 09:34:01.457905+00,2026-03-28 14:24:15.888987+00
92a50ab7-fdf5-4d90-9cfd-d84af0a509b4,blacktip-reef-shark,en,description,text,"A common reef shark with distinctive black fin tips, important for maintaining a healthy coral reef ecosystem.",seed-script,2026-03-28 14:15:08.09076+00,2026-03-28 14:15:08.09076+00
930911c2-411b-49e6-b725-5db83ade4dcc,discover-scuba,en,duration,text,1 day,seed-script,2026-03-27 10:52:08.104218+00,2026-03-28 16:44:59.316524+00
93c83e1f-b365-464b-981a-82ec4f5e2f99,hawksbill-sea-turtle,en,behavior,text,A specialized sponge feeder that helps regulate sponge populations on reefs. Much shyer and harder to approach than other turtles.,seed-script,2026-03-28 14:15:08.526272+00,2026-03-28 14:15:08.526272+00
93dd2eaa-b639-483c-8b4b-c5366897f138,contact,nl,phone_line_1,text,+66 77 456 789,contact@prodiving.asia,2026-03-12 10:14:37.06477+00,2026-03-14 18:57:12.645596+00
93e6fd59-9f8b-4c94-986b-f2d395a5f16c,advanced,nl,faq_1_answer,text,Geen examen vereist! De Advanced-cursus draait helemaal om ervaring en praktijk.,seed-script,2026-03-28 14:22:36.581793+00,2026-03-28 14:24:15.888987+00
944fe760-7ab7-4b4c-a989-4e7364d09b2b,scuba-diver,en,price_thb,text,8500,seed-script,2026-03-12 14:56:23.775431+00,2026-03-28 14:24:15.888987+00
949c4af3-3bf0-482e-a9cf-ff6b05cbc93c,food-drink,en,cta_more_activities,text,More activities,,2026-03-28 13:42:12.192138+00,2026-03-28 13:42:12.192138+00
949ffc0b-1a6b-43d0-ae54-58e318b071d9,admin-finance,en,paypal_link,text,https://paypal.me/prodivingasia,,2026-03-28 18:33:20.274249+00,2026-04-11 03:41:00.84257+00
94ac0153-2fc6-48e3-b03e-24918d659296,marine-life-page,nl,cta_title,text,Klaar om het mariëne leven van Koh Tao te beleven?,seed-script,2026-03-28 14:15:08.842017+00,2026-03-28 14:15:08.842017+00
94d8fc06-e13e-4b8e-95bf-2f9a1d5df7d9,twins-pinnacle,nl,quick_facts_depth,text,6-18m,,2026-03-27 13:40:10.789117+00,2026-03-28 12:47:09.516174+00
95195695-d38a-4c3e-8023-63d45e8ab658,home,nl,course_advanced_max_depth,text,30m,contact@prodiving.asia,2026-03-12 10:57:14.010608+00,2026-03-14 18:50:05.442579+00
95826ca9-b617-4ef4-b628-a300d2d27d76,food-drink,en,tastes_list,text,"Pad Thai - stir-fried rice noodles with shrimp or chicken
Som Tam - spicy green papaya salad
Fresh grilled fish with lime and chili
Mango sticky rice for dessert",,2026-03-28 13:42:12.192138+00,2026-03-28 13:42:12.192138+00
95c9e48a-71cf-4c25-a808-a361af060ebc,sail-rock,en,marine_life_highlights,text,"Whalesharks (frequent sightings)
Giant Barracuda schools
Malabar Grouper
Sailfish and Eagle Rays
Chevron Barracuda
Large Snapper and Fusilier schools
King Mackerel
Brown Marbled Grouper",,2026-03-27 13:40:10.789117+00,2026-03-28 12:47:09.516174+00
95d64176-7690-4983-bc6e-840571539a83,home,nl,course_discover_scuba_deluxe_duration,text,1-2 dagen,contact@prodiving.asia,2026-03-12 10:57:14.010608+00,2026-03-14 18:50:05.442579+00
95e0dcc8-bc20-45fc-9381-a9e69babe8bd,home,nl,course_discover_scuba_price,text,"฿2,500",contact@prodiving.asia,2026-03-12 10:57:14.010608+00,2026-03-14 18:50:05.442579+00
95e83846-50a3-4e83-80ab-31d6d4982bf9,scuba-review,en,price_usd,text,72,contact@prodiving.asia,2026-03-14 19:44:35.703938+00,2026-03-27 16:34:52.782657+00
9610e28b-1af7-4166-b16a-43bc4e7170eb,accommodation,nl,bookStay,text,Boek verblijf,,2026-03-27 11:51:48.105016+00,2026-03-28 20:56:02.462461+00
96badf74-e15e-4693-a7de-e2118f4baf9d,home,en,gallery_subtitle,textarea,Experience the breathtaking beauty of Koh Tao’s underwater world in our photo gallery,contact@prodiving.asia,2026-03-12 13:33:29.379002+00,2026-03-16 18:01:39.262481+00
96d4d22c-398f-45fd-8786-4bd634f95777,blacktip-reef-shark,nl,photography_tips,text,"Benader langzaam en rustig
Fotografeer van onderen voor krachtige vinbeelden
Zorg dat de zwarte vinpunten duidelijk in beeld zijn
Gebruik beschikbaar licht voor natuurlijke kleuren
Wees geduldig en laat de haai naar jou toe komen
Leg zowel zwemmend als rustend gedrag vast",seed-script,2026-03-28 14:15:08.526272+00,2026-03-28 14:15:08.526272+00
96ff3e9b-5b98-4f71-8298-63a0bfe881a1,rescue,nl,faq_1_question,text,Is Rescue moeilijk?,seed-script,2026-03-28 14:22:37.579329+00,2026-03-28 14:24:16.617176+00
9701270b-f641-4979-bc14-0325fbebe9ad,hawksbill-sea-turtle,en,description,text,"A beautiful sea turtle with a distinctive beak-shaped mouth, known for feeding on sponges and its colorful shell.",seed-script,2026-03-28 14:15:08.526272+00,2026-03-28 14:15:08.526272+00
971fcab2-633f-4ba2-bfec-e32e140cf45b,discover-scuba,nl,duration,text,1 dag,seed-script,2026-03-28 13:10:40.754266+00,2026-03-28 14:24:16.326594+00
973aa118-cf42-48ba-aad6-268f3330055e,dive-sites/twins-pinnacle,en,diving_tips,text,,,2026-03-31 17:44:30.907201+00,2026-03-31 17:54:49.644632+00
975c353b-fe07-470c-b1ad-44d59fbd6b45,marine-life-page,en,label_season,text,Best season,seed-script,2026-03-28 14:15:08.526272+00,2026-03-28 14:15:08.526272+00
9800892c-118f-4888-97a1-b4947620383c,accommodation,nl,heroSubtitle,text,"Kies uit gezellige kamers, familiekamers en bungalows op toplocaties vlak bij onze duikactiviteiten. ",,2026-03-27 11:51:48.105016+00,2026-03-28 20:56:02.462461+00
98298257-0555-4569-a5d2-db307ad8119f,pro-level-courses,nl,view_button,text,Bekijken,,2026-03-28 13:23:24.29037+00,2026-03-28 13:23:24.29037+00
9862baa4-ccdc-4bff-b16b-823f148badda,hawksbill-sea-turtle,nl,habitat,text,"Koraalriffen, rotsachtige zones, kustwater",seed-script,2026-03-28 14:15:08.526272+00,2026-03-28 14:15:08.526272+00
9884864e-84a6-4d18-aa76-2ffeab9c13a5,home,en,course_efr_max_depth,text,N/A,contact@prodiving.asia,2026-03-12 10:01:50.741687+00,2026-03-16 18:01:39.262481+00
988aeedc-69c7-4edf-8c6b-fe67482ac7de,pro-level-courses,en,page_title,text,Pro Level Courses & Instructor Specialties,,2026-03-28 13:23:24.29037+00,2026-03-28 13:23:24.29037+00
9890eb90-82a2-474a-8543-5d3212f9bdcc,pro-level-courses,en,footer_cta,text,Go to booking page,,2026-03-28 13:23:24.29037+00,2026-03-28 13:23:24.29037+00
98b4cd95-a0c0-4570-b205-d855dbe8060c,htms-sattakut,en,quick_facts_depth,text,18-30m,,2026-03-27 13:40:10.789117+00,2026-03-28 20:54:03.477122+00
98e2f03e-3879-49ec-85a3-dc967abc9b7a,msdt-program,nl,included_items,text,"Vijf PADI Specialty Instructor-cursussen
Team teaching en mentoring
Alle benodigde trainingsmaterialen
Begeleiding bij het aanvraagproces
Toegang tot ervaren Course Directors",,2026-03-28 13:22:02.219507+00,2026-03-28 13:22:02.219507+00
99b0e0f1-f152-4a1f-be44-5c22d09a746c,htms-sattakut,nl,diving_tips,text,"Gevorderde certificering vereist voor wrakduiken
Uitstekende site voor wrakspecialisaties
Respecteer de historische betekenis van deze locatie
Gebruik passende wrakduiktechnieken en penetratievaardigheden
Blijf bij je gids bij verkenning van het interieur
Zeer geschikt voor onderwaterfotografie
Spaar lucht door diepte en verkenning
Let op de historische kenmerken van het schip",,2026-03-27 13:40:10.789117+00,2026-03-28 12:47:09.516174+00
99ede9fc-3cfc-4fd7-9330-1b642c272281,pro-level-courses,nl,footer_body,text,Vul het formulier in en wij reageren met beschikbaarheid en prijzen.,,2026-03-28 13:23:24.29037+00,2026-03-28 13:23:24.29037+00
9a5c9429-e13c-415f-adcc-3dc55be51393,home,nl,course_discover_scuba_deluxe_title,text,Discover Scuba Diving Deluxe,contact@prodiving.asia,2026-03-12 10:57:14.010608+00,2026-03-14 18:50:05.442579+00
9a5f6f5d-cdea-4063-945b-a901b29fcd7e,scuba-diver,en,section_2_content,text,"The course includes classroom sessions, confined water training, and open water dives. You'll complete 2 open water dives in waters no deeper than 12 meters (40 feet), making it accessible for most people.",seed-script,2026-03-28 14:22:36.581793+00,2026-03-28 14:24:15.888987+00
9aa883ee-7f95-467d-903e-dd6d229f986a,weather-koh-tao,nl,packing_title,text,Wat neem je mee,,2026-03-28 13:46:34.702478+00,2026-03-28 13:46:34.702478+00
9ad54f99-5336-4d43-85cf-f9c67c7b6eaa,discover-scuba,nl,hero_subtitle,text,"Ervaar hoe het is om onder water te ademen, zonder brevet nodig. Dit beginnersprogramma is de perfecte eerste duikervaring op Koh Tao.",seed-script,2026-03-28 13:10:40.754266+00,2026-03-28 14:24:16.326594+00
9b1ba421-5a2f-44f2-877d-dfc283c0a548,things-to-do,nl,cta_fun_diving,text,Ga fun diven,,2026-03-28 13:31:13.441375+00,2026-03-28 13:31:13.441375+00
9bc9052f-3bd2-443c-8882-043d6e4de27b,msdt-program,nl,enroll_cta,text,Informatie / Boek nu,,2026-03-28 13:22:02.219507+00,2026-03-28 13:22:02.219507+00
9befb7d0-c888-4073-8e2a-e9d0dd7a5ceb,weather-koh-tao,en,title,text,Weather on Koh Tao,,2026-03-28 13:46:34.702478+00,2026-03-28 13:46:34.702478+00
9c18215b-9729-4e36-8254-33cd1d981874,medical-services,nl,important_title,text,Belangrijke informatie,,2026-03-28 13:46:34.702478+00,2026-03-28 14:56:21.792803+00
9c2e2099-df2c-4e49-8d99-80457873d925,htms-sattakut,en,diving_tips,text,Advanced certification required for wreck diving Excellent site for wreck diving specialty course Respect the historical significance of the site Use wreck diving techniques and penetration skills Stay with your guide when exploring the interior Perfect for underwater photography Conserve air due to depth and exploration Look for the ship's historical features,,2026-03-27 13:40:10.789117+00,2026-03-28 20:54:03.477122+00
9c409a77-fe6c-4b9c-b223-e0d9c19b8bb8,nudibranchs,en,diet,text,"Sponges, hydroids, tunicates, other nudibranchs",seed-script,2026-03-28 14:15:08.09076+00,2026-03-28 14:15:08.09076+00
9de7e12a-4685-4193-b25b-56d215f0883c,dive-sites/chumphon-pinnacle,nl,what_you_can_see,text,"Walvishaaien
Scholen trevally
Adelaarsroggen
Chevron-barracuda",,2026-03-28 20:47:21.080002+00,2026-03-28 20:47:21.080002+00
9e231a44-ba0a-421e-b471-49e56c1d5b41,fun-diving,en,fun_diving_marine_tab_title,text,Discover the Underwater World,,2026-03-27 12:57:03.657442+00,2026-03-27 12:57:03.657442+00
9eb1367c-04f2-4587-90e2-f9034ccfa35f,home,en,course_open_water_max_depth,text,18m,contact@prodiving.asia,2026-03-12 10:01:50.741687+00,2026-03-16 18:01:39.262481+00
9f2eaea0-a94f-4b38-9c66-9502d1147902,htms-sattakut,nl,quick_facts_depth,text,18-30m,,2026-03-27 13:40:10.789117+00,2026-03-28 12:47:09.516174+00
9f560327-0d21-407d-bd69-6af29ce3ff49,koh-tao-dive-sites,nl,artificial_sites,text,"HTMS Sattakut||Voormalig Amerikaans marineschip uit WOII, geschonken door de Thaise marine en nu een bloeiend kunstmatig rif.|18-30m|Wrakverkenning,Marien leven,Swim-throughs,Historische waarde|Gevorderd|Tussen de eilanden
Junkyard Reef||Kunstmatige stalen structuren met gezond koraal en divers zeeleven.|8-15m|Kunstmatige structuren,Gezond koraal,Diverse vissoorten,Natuurproject|Beginner-Gemiddeld|Westkust
Buoyancy World||Betonblokken en buizen die nieuwe ecosystemen voor zeeleven vormen.|5-12m|Betonstructuren,Nieuwe koraalgroei,Klein zeeleven,Educatief|Beginner|Aow Leuk",seed-script,2026-03-28 14:03:22.715903+00,2026-03-28 14:03:22.715903+00
9f6affd4-7554-4f01-ad83-6403de981887,scuba-diver,en,price_usd,text,245,contact@prodiving.asia,2026-03-12 14:56:23.775431+00,2026-03-12 14:56:23.775431+00
9fbfee4e-b4e1-4953-8eb2-99622c3e4d71,twins-pinnacle,nl,quick_facts_best_time,text,"Hele jaar, beste november-mei",,2026-03-27 13:40:10.789117+00,2026-03-28 12:47:09.516174+00
a01014ad-e81c-4ae9-b59d-5f965e91e8f0,medical-services,nl,subtitle,text,"Gezondheidszorg en nooddiensten, 24/7 beschikbaar.",,2026-03-28 13:46:34.702478+00,2026-03-28 14:56:21.792803+00
a0434acb-1e1f-44d4-b17e-d4657322fb75,instructor,nl,faq_4_a,text,"Koh Tao combineert uitstekende duiklocaties, ervaren instructeurs, lagere kosten van levensonderhoud en een sterke duikcommunity. Daardoor is het een van de beste plekken om een duikcarriere op te bouwen.",,2026-03-28 13:19:45.973231+00,2026-03-28 13:19:45.973231+00
a050d323-72a8-4a93-9662-428bf2d04d39,home,en,course_rescue_price,text,"฿10,000",contact@prodiving.asia,2026-03-12 10:01:50.741687+00,2026-03-16 18:01:39.262481+00
a07342ee-927a-4bde-b7e5-86fb52fdb459,rescue,en,section_1_title,text,Skills covered,seed-script,2026-03-28 14:22:37.579329+00,2026-03-28 14:24:16.617176+00
a095b517-b4f7-43fe-929d-043ea1e47635,msdt-program,en,hero_title,text,PADI Master Scuba Diver Trainer (MSDT) Program,,2026-03-28 13:22:02.219507+00,2026-03-28 13:22:02.219507+00
a0b1f5fc-a502-44c6-8b1c-1932c60ecc52,food-drink,nl,highlights_list,text,"Groot aanbod aan Thaise en internationale restaurants
Verse seafood bij veel plekken aan het strand
Streetfood-kraampjes voor snelle en betaalbare maaltijden
Veel vegetarische en vegan opties
Strandbars en cafes voor drankjes bij zonsondergang",,2026-03-28 13:42:12.192138+00,2026-03-28 13:42:12.192138+00
a1e892a1-6fc7-4ddb-b7d0-7a321aa81776,contact,en,form_subject_label,text,Subject,contact@prodiving.asia,2026-03-12 14:31:13.936296+00,2026-04-06 04:40:49.337206+00
a1e94a2f-80af-44db-aae5-ee9cdc92d471,fun-diving,nl,fun_diving_sites_title,text,Best Koh Tao Fun Diving Trips,,2026-03-28 13:10:40.754266+00,2026-03-30 11:23:47.936366+00
a225d70e-5eec-4e28-bd2b-53f8b10aea05,home,en,course_rescue_title,text,PADI Rescue Diver,contact@prodiving.asia,2026-03-12 10:01:50.741687+00,2026-03-16 18:01:39.262481+00
a234a6b2-7ff1-4427-b2fd-6ec78b74f482,home,nl,course_advanced_duration,text,2 dagen,contact@prodiving.asia,2026-03-12 10:57:14.010608+00,2026-03-14 18:50:05.442579+00
a2364c10-d382-48ad-b9ae-8ea3a8645bbe,home,en,course_instructor_level,text,Professional,contact@prodiving.asia,2026-03-12 10:01:50.741687+00,2026-03-16 18:01:39.262481+00
a25cb722-f02b-41af-a502-c569debb67ee,msdt-program,nl,why_items,text,"Geef minimaal vijf PADI Specialty-cursussen
Doe praktijkervaring op via team teaching en mentoring
Vergroot je inzetbaarheid en verdienpotentieel
Val op bij duikcentra en resorts wereldwijd
Versterk je zelfvertrouwen en lesvaardigheden",,2026-03-28 13:22:02.219507+00,2026-03-28 13:22:02.219507+00
a269ba83-3088-4f42-b113-2fcafc870bc1,home,nl,course_discover_scuba_deluxe_price_usd,text,144,contact@prodiving.asia,2026-03-12 10:57:14.010608+00,2026-03-14 18:50:05.442579+00
a27ef69d-474a-44bf-9179-a1321f21fde9,scuba-review,en,hero_title,text,Scuba Review / ReActivate,contact@prodiving.asia,2026-03-14 19:44:35.703938+00,2026-03-27 16:34:52.782657+00
a2826ab0-3ef3-4e8b-aa4e-d1a14a28ad1f,scuba-review,en,price_thb,text,2510,contact@prodiving.asia,2026-03-14 19:44:35.703938+00,2026-03-27 16:34:52.782657+00
a2b74745-8c75-4096-bc64-d18cf1b407ad,weather-koh-tao,en,packing_list,text,"High-SPF reef-safe sunscreen
Lightweight, breathable clothing
Rain jacket or poncho (for rainy season)
Waterproof bag for electronics
Cap/hat and sunglasses
Quick-dry clothing for water activities",,2026-03-28 13:46:34.702478+00,2026-03-28 13:46:34.702478+00
a2f38241-4686-47db-86fc-254082077b74,home,nl,course_divemaster_description,textarea,Start your professional dive career and train to lead certified divers underwater.,contact@prodiving.asia,2026-03-12 10:57:14.010608+00,2026-03-14 18:50:05.442579+00
a3364269-9128-4306-8d73-85182fd4789f,home,en,course_discover_scuba_price_usd,text,72,contact@prodiving.asia,2026-03-12 13:33:29.379002+00,2026-03-16 18:01:39.262481+00
a34b7f20-0c8b-4d8d-8381-97c8909d2744,green-sea-turtle,en,best_time,text,"Year-round, especially in shallow bays",seed-script,2026-03-28 14:15:08.09076+00,2026-03-28 14:15:08.09076+00
a385f00e-f33e-4a5d-bb61-433539ddff24,contact,nl,form_message_label,text,Bericht,contact@prodiving.asia,2026-03-12 10:14:37.06477+00,2026-03-14 18:57:12.645596+00
a3ef8bed-9927-4173-805d-c2832ad0773c,contact,en,section_title,text,Get in Touch with us,contact@prodiving.asia,2026-03-12 14:31:13.936296+00,2026-04-06 04:40:49.337206+00
a493c3c5-d25f-4ac3-85f8-5640fb497a90,dive-sites/chumphon-pinnacle,en,quick_facts_difficulty,text,Advanced,,2026-03-28 20:43:16.430069+00,2026-03-28 20:54:03.477122+00
a4965e95-a207-4fd9-8c73-fb18a0a5bd06,msdt-program,nl,overview_items,text,"Kies vijf PADI Specialty Instructor-ratings (bijv. Deep, Wreck, Nitrox, Night, Sidemount)
Volg praktijkworkshops en realistische lessituaties
Werk in teamverband met ervaren Course Directors en Staff Instructors
Ontvang begeleiding over standards, logistiek en studentmanagement
Log minimaal 25 certificeringen om in aanmerking te komen voor de MSDT-rating",,2026-03-28 13:22:02.219507+00,2026-03-28 13:22:02.219507+00
a4a88fdc-752a-4daf-ae28-f697389b68e3,scuba-diver,en,duration,text,2-3 days,seed-script,2026-03-12 14:56:23.775431+00,2026-03-28 14:24:15.888987+00
a4ca0603-cc1c-4b1d-9340-6c605a5d2821,shark-island,en,what_you_can_see,text,Sea Fans Dynamic Sea Whips Black Tip Reef Sharks Tropical Fish,,2026-03-27 13:40:10.789117+00,2026-03-31 17:53:58.616512+00
a4d2908d-8d15-4d90-a9c0-b081019108f6,discover-scuba,nl,faq_2_question,text,Heb ik een brevet nodig om mee te doen?,seed-script,2026-03-28 14:22:37.204447+00,2026-03-28 14:24:16.326594+00
a4d72171-3407-4f2e-a602-2fb674213fae,instructor,en,next_steps_title,text,Next steps,,2026-03-28 13:19:45.973231+00,2026-03-28 13:19:45.973231+00
a4ea3d30-58c1-4792-a6f7-f3661532fc4d,discover-scuba,nl,faq_4_question,text,Wat is de DSD Deluxe-optie?,seed-script,2026-03-28 14:22:37.204447+00,2026-03-28 14:24:16.326594+00
a57f7f1b-f4ee-4cdb-a563-37bc42570564,contact,nl,form_subject_label,text,Onderwerp,contact@prodiving.asia,2026-03-12 10:14:37.06477+00,2026-03-14 18:57:12.645596+00
a5b2c8bc-188f-47e9-96ed-2350fa53f354,koh-tao-dive-sites,nl,deep_title,text,Diepe duiklocaties voor gevorderde duikers,seed-script,2026-03-28 14:03:22.715903+00,2026-03-28 14:03:22.715903+00
a6153744-f21a-4bea-8d5d-98042c4f8c74,fun-diving,en,fun_diving_expert_body,text,Our dive team comprises seasoned and highly knowledgeable dive professionals who have immersed themselves in the local reef ecology and dive sites. Their expertise ensures a safe and enriching diving experience for you.,,2026-03-27 12:57:03.657442+00,2026-03-27 12:57:03.657442+00
a6638b35-4551-4181-b231-fe702a52f8b7,instructor,nl,section_prereq_title,text,Toelatingseisen,,2026-03-28 13:19:45.973231+00,2026-03-28 13:19:45.973231+00
a6ab514e-bfd2-4fb4-95b0-30f7640d3c37,how-to-get-here,nl,subtitle,text,Verschillende routes om dit eilandparadijs te bereiken.,,2026-03-28 13:42:12.192138+00,2026-03-28 13:42:12.192138+00
a6ae12ad-65e1-4e2d-86a5-5deed9a02454,dive-sites/twins-pinnacle,en,quick_facts_best_time,text,,,2026-03-31 17:44:30.907201+00,2026-03-31 17:54:49.644632+00
a7631f79-5c0a-4e4b-ba3d-1a7c5eeda961,fun-diving,en,fun_diving_flexible_title,text,Flexible Schedule,,2026-03-27 12:57:03.657442+00,2026-03-27 12:57:03.657442+00
a79f29c4-d5a5-456b-bab6-b9efba9b37b0,green-sea-turtle,nl,best_time,text,"Hele jaar, vooral in ondiepe baaien",seed-script,2026-03-28 14:15:08.09076+00,2026-03-28 14:15:08.09076+00
a7bfe98e-90fe-458a-bd51-25f68932c5f6,home,nl,course_open_water_description,textarea,Leer de basis van het scuba duiken en behaal je brevet voor je leven lang.,contact@prodiving.asia,2026-03-12 10:57:14.010608+00,2026-03-14 18:50:05.442579+00
a878ed7f-44c6-4d41-9cc4-ba89cb30060d,shark-island,nl,quick_facts_depth,text,8-20m,,2026-03-27 13:40:10.789117+00,2026-03-28 12:47:09.516174+00
a87da226-39d0-456b-bcd3-c2d31ddc3d3d,instructor,nl,next_steps_title,text,Volgende stappen,,2026-03-28 13:19:45.973231+00,2026-03-28 13:19:45.973231+00
a8aa3992-e95e-43b3-9af0-89b8f59cd3d4,hawksbill-sea-turtle,nl,description,text,"Prachtige zeeschildpad met een kenmerkende snavelvormige bek, bekend om het eten van sponzen en het kleurrijke schild.",seed-script,2026-03-28 14:15:08.526272+00,2026-03-28 14:15:08.526272+00
a8e5088c-5243-49f7-b9b2-b6628e22048e,specialty/night-diver,nl,hero_title,text,Night Diver Specialty Course,,2026-03-28 13:10:40.754266+00,2026-03-28 13:10:40.754266+00
a90e5938-8acb-4279-912c-2523d19ab6e3,rescue,nl,hero_title,text,PADI Rescue Diver,seed-script,2026-03-14 11:19:45.578131+00,2026-03-28 14:24:16.617176+00
a97dc56c-0df3-4e9d-b36f-72429817614f,chumphon-pinnacle,en,quick_facts_difficulty,text,Advanced,,2026-03-27 13:40:10.789117+00,2026-04-09 11:24:36.795351+00
a981b8e4-1d57-4ef2-9aed-ea35a1940d6d,blacktip-reef-shark,en,diet,text,"Fish, crustaceans, cephalopods",seed-script,2026-03-28 14:15:08.09076+00,2026-03-28 14:15:08.09076+00
a99458ca-545e-4367-8704-ab398fa8c63b,marine-life-page,en,reef_sharks,text,"Blacktip reef shark|Common reef sharks with distinctive black fin tips, often hunting in shallow water.|Up to 2m|Coral reefs|Year-round|/marine-life/black-tip-reef-shark
Grey reef shark|Shyer reef sharks that prefer deeper water and are seen less often.|Up to 2.5m|Deep reefs|Year-round|",seed-script,2026-03-28 14:15:08.842017+00,2026-03-28 14:15:08.842017+00
a9c0e241-488f-4f85-9c49-9ea16732355d,msdt-program,en,overview_title,text,Program Overview,,2026-03-28 13:22:02.219507+00,2026-03-28 13:22:02.219507+00
aa0ee47a-909d-497f-b799-1e27e93162e0,mango-bay,en,quick_facts_location,text,West coast bay,,2026-03-27 13:40:10.789117+00,2026-03-28 12:47:09.516174+00
aa57fcc8-2d91-4c4f-a881-7064f3879c46,koh-tao-dive-sites,en,shallow_sites,text,"Aow Leuk||Shallow bay with coral gardens and easy diving conditions.|3-10m|Coral gardens,Tropical fish,Easy entry,Training site|Beginner|West coast
Hin Ngam||Shallow reef with artificial structures and abundant marine life.|5-12m|Artificial reefs,Colorful fish,Safe diving,Photography|Beginner|West coast
Tanote Bay||East-coast dive site with macro opportunities and colorful reef life.|8-15m|Frogfish,Pipefish,Macro photography,Colorful reef|Gemiddeld|East coast",seed-script,2026-03-28 14:03:22.715903+00,2026-03-28 14:03:22.715903+00
aa5d85fe-21c6-4664-a82e-acf9d12ee991,weather-koh-tao,en,paragraph,text,"Most activities are possible year-round, but check the forecast before planning a boat trip. The dry season usually offers the best diving conditions with calm seas and good visibility.",,2026-03-28 13:46:34.702478+00,2026-03-28 13:46:34.702478+00
aa7b85aa-2316-4f9e-965a-b89452862dc4,accommodation,en,viewPictures,text,View Pictures,,2026-03-27 11:51:48.105016+00,2026-03-28 20:55:30.812602+00
aab0e6fa-a90e-4109-b0ec-40e883671378,discover-scuba,en,faq_3_question,text,What can I expect on the day?,seed-script,2026-03-28 14:22:37.204447+00,2026-03-28 16:44:59.316524+00
aab3ccd7-7692-4546-9e81-ba5f9d8441ea,things-to-do,en,more_inspiration,text,"For more inspiration, check out our",,2026-03-28 13:31:13.441375+00,2026-03-28 13:31:13.441375+00
aabe96d1-984a-423d-b0a6-106cde995eef,marine-life-page,nl,intro_title,text,Marien leven op Koh Tao,seed-script,2026-03-28 14:15:08.842017+00,2026-03-28 14:15:08.842017+00
aae95737-79ea-4098-a1cb-e3c87ee5c743,home,nl,course_advanced_price_eur,text,250,contact@prodiving.asia,2026-03-12 10:57:14.010608+00,2026-03-14 18:50:05.442579+00
ab2879fa-5a5c-4bee-b06a-d5fa7bfcf2c1,home,nl,about_title,textarea,Van PADI Open Water certificatie tot PADI Open Water Scuba Instructeur.,contact@prodiving.asia,2026-03-12 10:57:14.010608+00,2026-03-14 18:50:05.442579+00
ab5c6529-94b8-4b77-b738-4f85a24fe301,specialty/night-diver,en,price_thb,text,6500,contact@prodiving.asia,2026-03-12 10:27:14.506533+00,2026-03-12 10:27:41.009635+00
ab6f77d6-a314-476c-84f7-efee423c7458,marine-life-page,nl,pelagic_species,text,"Walvishaai|De grootste vis ter wereld. Deze vriendelijke reuzen worden regelmatig gezien in diepere wateren rond Koh Tao, vooral tijdens planktonbloei.|Tot 12m|Diep water uit de kust|Hele jaar, piek nov-mrt|/marine-life/whaleshark
Grote barracuda|Indrukwekkende roofvissen die in groepen jagen rond rotspieken uit de kust, met snelheden tot 40 km/u.|Tot 2m|Diepe rotspieken|Hele jaar|/marine-life/great-barracuda
Mantaroggen|Elegante planktoneters die tijdens het voeden spectaculaire draaibewegingen maken.|Spanwijdte tot 7m|Diepe wateren|Nov-Mar|
Malabar tandbaars|Grote roofzuchtige tandbaars die in dieper water leeft en bekendstaat om hinderlaagjacht.|Tot 2,3m, 100kg|Diepe riffen en rotspieken|Hele jaar|/marine-life/malabar-grouper",seed-script,2026-03-28 14:15:08.842017+00,2026-03-28 14:15:08.842017+00
abaa7169-c665-446d-896e-6845aacc9763,open-water,nl,course_overview,text,"De Open Water-cursus combineert theorie, beschut water-training (zwembad) en buitenwaterduiken.. Je leert uitrusting opbouwen, basisvaardigheden onder water, drijfvermogen en duikplanning. Onze instructeurs werken met kleine groepen en leggen de nadruk op veiligheid en plezier. test",contact@prodiving.asia,2026-03-09 17:57:14.068604+00,2026-03-27 11:08:22.48645+00
ac027a22-0789-43bc-925d-98a856dcf9be,scuba-review,nl,hero_title,text,Scuba Review / ReActivate,,2026-03-28 13:10:40.754266+00,2026-03-28 13:10:40.754266+00
aca9de8c-bfb2-4e6d-9f1f-c97370abc712,accommodation,en,heroSubtitle,text,"Choose from cozy rooms, family-friendly suites, and bungalows in great locations close to our diving operations.",,2026-03-27 11:51:48.105016+00,2026-03-28 20:55:30.812602+00
acde86af-0778-41fc-8b47-365823762171,nudibranchs,nl,interesting_facts,text,"Naaktslakken bestaan in honderden soorten met spectaculaire kleurvariaties
Veel soorten zijn giftig en waarschuwen daarvoor met felle kleuren
De meeste naaktslakken zijn hermafrodiet met zowel mannelijke als vrouwelijke organen
Ze eten vaak zeer specifieke prooien - sommige sponzen, andere hydroïden
Door hun vorm en kleur zijn ze ideale macro-onderwerpen
In tropische wateren worden nog steeds nieuwe soorten ontdekt",seed-script,2026-03-28 14:15:08.09076+00,2026-03-28 14:15:08.09076+00
ad21d239-a7d8-455d-a221-01f3418e4777,sail-rock,nl,quick_facts_location,text,40 minuten uit de kust,,2026-03-27 13:40:10.789117+00,2026-03-28 12:47:09.516174+00
ad4ae1df-3c85-4a0a-ac06-f886d1a246a7,how-to-get-here,nl,ferry_options_list,text,"Speedboot:|1-1,5 uur, duurder maar sneller
Nachtferry:|Goedkopere optie, aankomst in de ochtend
Dagferry:|Standaardoptie met mooie uitzichten
|Bekijk websites van operators voor schema's en kortingen",,2026-03-28 13:42:12.192138+00,2026-03-28 13:42:12.192138+00
ad6c35cc-b778-4404-a44f-ec57008b8454,dive-sites/chumphon-pinnacle,nl,quick_facts_depth,text,15-30m,,2026-03-28 20:47:21.080002+00,2026-03-28 20:47:21.080002+00
ada017a2-6e77-4cb8-9e43-f2edb8f98d5a,blacktip-reef-shark,nl,diet,text,"Vis, schaaldieren, koppotigen",seed-script,2026-03-28 14:15:08.526272+00,2026-03-28 14:15:08.526272+00
ada04a3d-22d7-4ccc-a7b6-2b2f3cac202f,nudibranchs,nl,frequency,text,Veelvoorkomend in geschikt habitat bij geduldige observatie,seed-script,2026-03-28 14:15:08.09076+00,2026-03-28 14:15:08.09076+00
add47335-d445-4cca-83e4-26df8cce77ca,instructor,en,section_inclusions_title,text,Inclusions,,2026-03-28 13:19:45.973231+00,2026-03-28 13:19:45.973231+00
add9bb79-cfb1-4905-8423-9c97bbd8f9ea,accommodation,en,heroTitle,text,Stay With Us In Koh Tao,,2026-03-19 11:38:09.488403+00,2026-03-28 20:55:30.812602+00
ade9a635-cfc1-4a19-9948-d9953178e26c,fun-diving,en,fun_diving_ready_cta2,text,Explore Dive Sites,,2026-03-27 12:57:03.657442+00,2026-03-27 12:57:03.657442+00
adf25394-4a67-4f09-b3f1-8d321ca0c158,home,en,course_discover_scuba_deluxe_level,text,Beginner,contact@prodiving.asia,2026-03-12 10:01:50.741687+00,2026-03-16 18:01:39.262481+00
aee6e7d5-40e9-4b96-a047-09bbd29d5142,twins-pinnacle,en,what_you_can_see,text,"Saddleback clownfish and Sebae anemones
Nudibranchs
Pipefish
Yellow boxfish
Longface emperor
White’s butterflyfish
Angelfish
Reef fish
Moray eels
Trevally
Bluespotted ribbon tail ray
Snapper
Groupers
Parrotfish
Bannerfish
Sea turtles
Scribbled filefish
Anemonefish
Boxfish and wart slugs",,2026-03-27 13:40:10.789117+00,2026-03-28 12:47:09.516174+00
af6a9bcc-a08c-4950-98f1-824abd033b79,home,en,about_headline,textarea,"Small island, 21 km², lush and surrounded by more than 15 dive sites.",contact@prodiving.asia,2026-03-12 10:01:50.741687+00,2026-03-16 18:01:39.262481+00
af7a152f-514f-4d32-921b-9a41c832f3f7,koh-tao-dive-sites,nl,book_dive,text,Boek je duik,seed-script,2026-03-28 14:03:22.715903+00,2026-03-28 14:03:22.715903+00
afe5a93c-5932-4033-a6e0-6d2f7f821184,home,en,course_discover_scuba_deluxe_title,text,Discover Scuba Diving Deluxe,contact@prodiving.asia,2026-03-12 10:01:50.741687+00,2026-03-16 18:01:39.262481+00
b0201152-5f7e-4592-8c36-bdbc73b9cf62,marine-life-page,nl,hero_text,text,"Ontdek de indrukwekkende biodiversiteit van Koh Tao’s onderwaterwereld, met meer dan 350 vissoorten en bijzondere zeedieren.",seed-script,2026-03-28 14:15:08.842017+00,2026-03-28 14:15:08.842017+00
b03a6782-c970-4fae-b48c-b8091eb7bac4,marine-life-page,nl,cta_fun_dives,text,Fun dive trips,seed-script,2026-03-28 14:15:08.842017+00,2026-03-28 14:15:08.842017+00
b0a96aa6-ea47-47fd-926d-6bfcbd8a5d25,viewpoints-koh-tao,nl,note,text,"Voor de meeste uitzichtpunten is een korte wandeling nodig. Neem water, zonbescherming en een camera mee!",,2026-03-28 13:42:12.192138+00,2026-03-28 13:50:12.131579+00
b0b9c9fb-7d15-49b8-8931-045ef6a38061,dive-sites/twins-pinnacle,en,marine_life_highlights,text,"

Three granite pinnacles

Arch and rock formations

Rich marine life

Perfect for training

Calm conditions

Anemones with clownfish

test",,2026-03-31 17:44:30.907201+00,2026-03-31 17:54:49.644632+00
b0e6f167-a0e2-4ec7-8369-c7fac810e0e4,pro-level-courses,nl,enquire_button,text,Informatie,,2026-03-28 13:23:24.29037+00,2026-03-28 13:23:24.29037+00
b132c534-46c4-484b-9745-2aed1222b8c2,instructor,nl,bottom_cta,text,Stuur boekingsaanvraag,,2026-03-28 13:19:45.973231+00,2026-03-28 13:19:45.973231+00
b1711a13-378a-402a-95c3-627585458fe1,contact,en,email_title,text,Email,contact@prodiving.asia,2026-03-12 14:31:13.936296+00,2026-04-06 04:40:49.337206+00
b19f0493-3d2a-408f-b604-db98397ae2c1,contact,nl,section_title,text,Contact ons in het Nederlands,contact@prodiving.asia,2026-03-12 10:14:37.06477+00,2026-03-14 18:57:12.645596+00
b1e0f364-2905-474a-8e3b-f0dc2ebb09c0,fun-diving,en,fun_diving_marine_life_title,text,Diverse Marine Life,,2026-03-27 12:57:03.657442+00,2026-03-27 12:57:03.657442+00
b1e6b472-f665-4257-94e0-3f75030aa1c0,home,nl,course_open_water_duration,text,3-4 dagen,contact@prodiving.asia,2026-03-12 10:57:14.010608+00,2026-03-14 18:50:05.442579+00
b2104be7-cd9e-40f6-a444-2a8e1eb5231f,home,nl,course_discover_scuba_deluxe_description,textarea,Extended DSD with 3 dives for more underwater time and a more relaxed pace.,contact@prodiving.asia,2026-03-12 10:57:14.010608+00,2026-03-14 18:50:05.442579+00
b22ea58b-174e-4616-8fd1-98cf65c4efa6,msdt-program,nl,enroll_title,text,Hoe schrijf je je in,,2026-03-28 13:22:02.219507+00,2026-03-28 13:22:02.219507+00
b233ebb7-ee87-4b2b-bdcc-c74e50a8b6b3,rescue,en,faq_1_answer,text,The course is challenging but instructors support you step-by-step. Good fitness and comfort in the water help.,seed-script,2026-03-28 14:22:37.579329+00,2026-03-28 14:24:16.617176+00
b2557321-57ea-46af-8afd-d06db86809e2,shark-island,nl,images,text,"https://www.divinginasia.com/images/sharkisand.jpg
https://www.divinginasia.com/images/blacktip-reef-shark.jpg",,2026-03-27 16:24:21.72643+00,2026-03-28 12:47:09.516174+00
b27a3f6d-c042-4a3e-8ff8-e6ce889fc85c,dive-sites/chumphon-pinnacle,nl,diving_tips,text,"Gevorderde certificering aanbevolen door diepte en stroming
Vroege ochtendtrips vergroten de kans op walvishaaiwaarnemingen
Groothoeklens aanbevolen voor grote onderwerpen
Blijf bij je gids bij matige stroming
Perfect voor specialisatiecursus diepduiken
Walvishaaien zijn het actiefst bij opkomend tij
Neem een goede onderwatercamera mee",,2026-03-28 20:47:21.080002+00,2026-03-28 20:47:21.080002+00
b3c225f2-afee-4a8a-ba03-eacd64f9c896,advanced,en,price_eur,text,250,seed-script,2026-03-28 14:22:36.581793+00,2026-03-28 14:24:15.888987+00
b41500b1-ece2-42f9-a0c5-9fdebc810220,food-drink,nl,tastes_list,text,"Pad Thai - gebakken rijstnoedels met garnalen of kip
Som Tam - pittige groene papajasalade
Verse gegrilde vis met limoen en chili
Mango sticky rice als dessert",,2026-03-28 13:42:12.192138+00,2026-03-28 13:42:12.192138+00
b422310d-1957-4b36-9d6f-b0c51d6a5070,accommodation,en,featuresTitle,text,What To Expect,,2026-03-27 11:51:48.105016+00,2026-03-28 20:55:30.812602+00
b450e1e2-edb9-46ad-9b62-5aa595df0771,chumphon-pinnacle,nl,marine_life_highlights,text,"Walvishaaien (regelmatige waarnemingen)
Grote scholen giant trevally
Chevron-barracuda
Adelaarsroggen
Scholen horsmakreel en fusilier
Reuzenbarracuda
Kingfish
Diverse rifvissen",,2026-03-27 13:40:10.789117+00,2026-03-28 21:03:37.497664+00
b4b4726c-6676-4614-8b33-e59f5cfa96bb,home,nl,about_paragraph_2,textarea,"Gecertificeerd voor het leven en wereldwijd geaccepteerd tegen de beste prijzen in Azië. PADI Open Water Cursus voor 11000 Bath, nu inclusief 4 nachten accommodatie.",contact@prodiving.asia,2026-03-12 10:57:14.010608+00,2026-03-14 18:50:05.442579+00
b4f31a9a-e0a4-4159-9d33-fc6872a5bcc2,htms-sattakut,en,quick_facts_difficulty,text,Advanced,,2026-03-27 13:40:10.789117+00,2026-03-28 20:54:03.477122+00
b51fc365-8182-4d33-bded-f8e625a11107,home,en,course_discover_scuba_deluxe_price,text,"฿5,000",contact@prodiving.asia,2026-03-12 10:01:50.741687+00,2026-03-16 18:01:39.262481+00
b53313e0-8118-49c8-a9ba-9264a22cad3d,mango-bay,nl,overview,text,Ondiepe koraalriffen perfect voor ontspannen duiken met een bloeiend marien ecosysteem.,,2026-03-27 13:40:10.789117+00,2026-03-28 12:47:09.516174+00
b53f5381-c55e-4cb9-92a3-9a6770dbb5ea,home,en,course_efr_title,text,Emergency First Response,contact@prodiving.asia,2026-03-12 10:01:50.741687+00,2026-03-16 18:01:39.262481+00
b58cc91a-a1f2-4f5e-bca6-68f27538d74c,pro-level-courses,en,card_description,text,Professional development and instructor-level specialty training.,,2026-03-28 13:23:24.29037+00,2026-03-28 13:23:24.29037+00
b5b44ea1-8127-439d-bcfc-182ce16ea097,home,en,course_advanced_description,textarea,"Build confidence underwater, improve navigation, and unlock deeper dive adventures.",contact@prodiving.asia,2026-03-12 10:01:50.741687+00,2026-03-16 18:01:39.262481+00
b5dee780-3880-40ce-b4b1-6a356a325407,how-to-get-here,nl,ferry_title,text,Ferry-opties,,2026-03-28 13:42:12.192138+00,2026-03-28 13:42:12.192138+00
b5e38b36-b82d-4e28-bd30-1152e63d35b1,htms-sattakut,nl,quick_facts_best_time,text,"Hele jaar, beste in droogseizoen",,2026-03-27 13:40:10.789117+00,2026-03-28 12:47:09.516174+00
b691b6ff-ccde-4f3c-859b-34927f078f3a,weather,nl,best_months,text,March – September,contact@prodiving.asia,2026-03-12 18:28:13.575925+00,2026-03-12 18:28:13.575925+00
b6a01878-a55b-4e84-befc-1eeecca4ffdc,medical-services,nl,care_list,text,"Meerdere klinieken en apotheken in Mae Haad en Sairee.
Basiszorg en eerste hulp beschikbaar
Nooddiensten: bel 1669
Dichtstbijzijnde ziekenhuis ligt op Koh Samui (boottransfer nodig bij ernstige gevallen)
Recompressiekamer voor duiknoodgevallen",,2026-03-28 13:46:34.702478+00,2026-03-28 14:56:21.792803+00
b6b7e1f0-729d-461a-a09d-e86bdb1e5c46,weather-koh-tao,en,packing_title,text,What to pack,,2026-03-28 13:46:34.702478+00,2026-03-28 13:46:34.702478+00
b6e0e5c1-5977-4b76-afa9-99626df66af3,weather-koh-tao,nl,title,text,Weer op Koh Tao,,2026-03-28 13:46:34.702478+00,2026-03-28 13:46:34.702478+00
b70d3220-501b-47f5-9ef0-018c2a4084f2,home,nl,course_rescue_description,textarea,"Learn to prevent and manage dive emergencies while becoming a stronger, more aware diver.",contact@prodiving.asia,2026-03-12 10:57:14.010608+00,2026-03-14 18:50:05.442579+00
b743e1e4-b189-41ab-ae38-ff91700c33d1,discover-scuba,en,faq_1_question,text,What is Discover Scuba Diving (DSD)?,seed-script,2026-03-28 14:22:37.204447+00,2026-03-28 16:44:59.316524+00
b7be4ef0-2853-4f76-b983-2a13a3886d68,specialty/night-diver,nl,hero_subtitle,text,Experience the underwater world after dark — a completely different perspective.,,2026-03-28 13:10:40.754266+00,2026-03-28 13:10:40.754266+00
b7e223b4-c088-44bb-ae80-6753b812137f,weather,nl,avg_visibility,text,10–25m,contact@prodiving.asia,2026-03-12 18:28:13.575925+00,2026-03-12 18:28:13.575925+00
b7e2dc75-7ad7-4ce9-9e21-929b44bb2345,fun-diving,en,fun_diving_all_sites_title,text,All Dive Sites,,2026-03-27 12:57:03.657442+00,2026-03-27 12:57:03.657442+00
b7e51059-39db-4c97-b6c2-473e40de7c16,green-sea-turtle,en,description,text,"Herbivorous sea turtles that graze on seagrass and algae, helping maintain healthy marine ecosystems.",seed-script,2026-03-28 14:15:08.09076+00,2026-03-28 14:15:08.09076+00
b849c750-93e6-4296-89e5-eb390d2d0ef3,mango-bay,nl,quick_facts_difficulty,text,Beginner,,2026-03-27 13:40:10.789117+00,2026-03-28 12:47:09.516174+00
b856a051-1b2c-43d2-adf9-bc0544b8cec3,weather-koh-tao,nl,climate_title,text,Klimaat & seizoenen,,2026-03-28 13:46:34.702478+00,2026-03-28 13:46:34.702478+00
b860a266-d508-4c06-b620-3bdc95988ce3,discover-scuba-deluxe,nl,couurse_overview,text,o moe dutch,,2026-03-19 13:13:56.983549+00,2026-03-27 10:33:57.16039+00
b8d5c3a4-c540-42b3-a864-83df2269e8c8,fun-diving,nl,fun_diving_hero_cta2,text,Book a Course,,2026-03-28 13:10:40.754266+00,2026-03-30 11:23:47.936366+00
b8dfd3d7-3f90-491f-8ffb-dc9022bdca31,home,en,course_discover_scuba_deluxe_description,textarea,Ecluxsive Excl Extended DSD with 3 dives for more underwater time and a more relaxed pace.,contact@prodiving.asia,2026-03-12 10:01:50.741687+00,2026-03-27 12:00:29.330869+00
b9246c09-5b6c-4ca9-a151-1f50c493a6e9,instructor,en,faq_title,text,FAQ,,2026-03-28 13:19:45.973231+00,2026-03-28 13:19:45.973231+00
b934f19c-8769-4964-8b7c-b230920c03c6,mango-bay,en,quick_facts_best_time,text,"Year-round, best during calm weather",,2026-03-27 13:40:10.789117+00,2026-03-28 12:47:09.516174+00
b93af4e4-9dd7-4ee3-9293-9be8c83ef0d8,koh-tao-dive-sites,en,depth_label,text,Depth,seed-script,2026-03-28 14:03:22.715903+00,2026-03-28 14:03:22.715903+00
b967e6a3-2cb8-4d75-aa0b-b360ef8dcab6,green-sea-turtle,nl,description,text,Plantenetende zeeschildpadden die op zeegras en algen grazen en zo gezonde mariëne ecosystemen helpen behouden.,seed-script,2026-03-28 14:15:08.09076+00,2026-03-28 14:15:08.09076+00
b9872598-b0c5-42a6-bb3b-867830890736,accommodation,en,ctaTitle,text,Ready to plan your stay?,,2026-03-27 11:51:48.105016+00,2026-03-28 20:55:30.812602+00
ba2d18d4-0e8c-4fc9-a821-98a84ba71a9c,contact,nl,form_sending_label,text,Sending...,contact@prodiving.asia,2026-03-12 10:14:37.06477+00,2026-03-14 18:57:12.645596+00
baa0faaf-953d-4c63-8157-dbe5b84b320c,instructor,nl,sidebar_cta,text,Informatie / Aanmelden,,2026-03-28 13:19:45.973231+00,2026-03-28 13:19:45.973231+00
bae484dc-1ade-42a9-a3b1-833122855011,shark-island,en,quick_facts_depth,text,10-20m,,2026-03-27 13:40:10.789117+00,2026-03-31 17:53:58.616512+00
bafcb3c3-646f-45b6-889e-db309e380570,scuba-diver,nl,section_2_content,text,"De cursus bestaat uit theorielessen, training in beschut water en buitenwaterduiken. Je maakt 2 buitenwaterduiken in water tot maximaal 12 meter (40 voet), waardoor de cursus voor de meeste mensen toegankelijk is.",seed-script,2026-03-28 14:22:37.204447+00,2026-03-28 14:24:16.326594+00
bb271912-9ede-4539-a76f-46d76086fb3b,open-water,en,course_overview,text,"The Open Water course combines knowledge development, confined water dives (pool) and open water dives. You'll learn equipment setup, basic underwater skills, buoyancy control and dive planning. Our instructors keep groups small and emphasize safety and fun.",contact@prodiving.asia,2026-03-09 17:57:14.068604+00,2026-04-05 09:49:05.165101+00
bb87c112-421c-4a83-ae14-d878b5100d60,nudibranchs,nl,diet,text,"Sponzen, hydroïdpoliepen, zakpijpen, andere naaktslakken",seed-script,2026-03-28 14:15:08.09076+00,2026-03-28 14:15:08.09076+00
bc044511-c055-477e-add2-12b26dabcb37,blacktip-reef-shark,nl,interesting_facts,text,"Zwartpuntrifhaaien kunnen tot 12 jaar oud worden
Ze krijgen levende jongen (levendbarend)
Vrouwtjes kunnen tot 4 jongen per worp krijgen
Ze zijn vooral overdag actief
Ondanks hun naam zijn ze meestal ongevaarlijk voor mensen
Ze helpen vispopulaties op koraalriffen in balans te houden",seed-script,2026-03-28 14:15:08.526272+00,2026-03-28 14:15:08.526272+00
bc463758-090c-48ed-8261-1df2648cfc64,koh-tao-info,en,facts_list,text,"Location: 70 km off the east coast of Southern Thailand
Famous for: diving, snorkeling, beautiful beaches, and marine life
Best travel season: February to October
Popular areas: Sairee Beach, Chalok Baan Kao, Mae Haad",,2026-03-28 13:31:13.441375+00,2026-03-28 13:31:13.441375+00
bc5624b2-9d42-428f-8b93-94f37cf3d6c5,home,en,course_discover_scuba_title,text,Discover Scuba Diving (DSD),contact@prodiving.asia,2026-03-12 10:01:50.741687+00,2026-03-16 18:01:39.262481+00
bc5cb9ef-9bff-48c8-81c7-d3950ff1db0c,chumphon-pinnacle,nl,quick_facts_best_time,text,"Hele jaar, piekseizoen december-april",,2026-03-27 13:40:10.789117+00,2026-03-28 21:03:37.497664+00
bc8ac321-1af0-4317-9b28-71b6f6f01d37,food-drink,nl,cta_more_activities,text,Meer activiteiten,,2026-03-28 13:42:12.192138+00,2026-03-28 13:42:12.192138+00
bc8d9bac-85b9-4626-a8fe-a48e92b051fb,dive-sites/chumphon-pinnacle,en,quick_facts_best_time,text,"Year-round, peak season December-April",,2026-03-28 20:43:16.430069+00,2026-03-28 20:54:03.477122+00
bcadeeb9-010f-42b6-af46-27032057643a,msdt-program,nl,prereq_items,text,"PADI Open Water Scuba Instructor (OWSI)-certificering
Geldige EFR Instructor-status
Minimaal 25 PADI-studentcertificeringen (voor MSDT-aanvraag)
Minimumleeftijd: 18 jaar",,2026-03-28 13:22:02.219507+00,2026-03-28 13:22:02.219507+00
bcb5d6c3-35c7-471e-a264-43551f20b9d9,nudibranchs,en,description,text,"Colorful sea slugs with incredible patterns and shapes, perfect for macro photography.",seed-script,2026-03-28 14:15:08.09076+00,2026-03-28 14:15:08.09076+00
bd2198c8-deb0-4ad9-8589-d182c89cce65,hawksbill-sea-turtle,nl,frequency,text,Minder vaak gezien dan groene zeeschildpadden,seed-script,2026-03-28 14:15:08.526272+00,2026-03-28 14:15:08.526272+00
bd441dee-3993-4519-bcd4-f483edca4c21,pro-level-courses,en,view_button,text,View,,2026-03-28 13:23:24.29037+00,2026-03-28 13:23:24.29037+00
bd8b3820-5b6e-4c76-9476-e66b0e976c26,contact,en,footer_line_2,textarea,Discover the magic beneath the waves in Thailand's diving paradise.,contact@prodiving.asia,2026-03-12 14:31:13.936296+00,2026-04-06 04:40:49.337206+00
bda18b67-66b2-4452-bb99-b83b993570f5,green-sea-turtle,en,frequency,text,Common in suitable habitats,seed-script,2026-03-28 14:15:08.09076+00,2026-03-28 14:15:08.09076+00
bdbffef5-fe26-44e3-8584-446afe0aca3e,accommodation,en,roomsIntro,text,"Whether you are looking for a budget-friendly room or more space for family travel, we can match you with the right option.",,2026-03-27 11:51:48.105016+00,2026-03-28 20:55:30.812602+00
bdc97da9-67fa-4a31-8599-bbef255bff28,mango-bay,nl,images,text,https://www.divinginasia.com/images/mango-bay.webp,,2026-03-27 16:24:21.72643+00,2026-03-28 12:47:09.516174+00
be1bf30a-0613-4eb8-8090-51d1912364ce,home,en,course_instructor_duration,text,2-3 weeks,contact@prodiving.asia,2026-03-12 10:01:50.741687+00,2026-03-16 18:01:39.262481+00
be60a8d0-e384-49bc-9acc-2d3f18e1660d,home,nl,course_advanced_price,text,"฿9,500",contact@prodiving.asia,2026-03-12 10:57:14.010608+00,2026-03-14 18:50:05.442579+00
be622cc3-eda4-477d-8ca6-05681f4e7acf,accommodation,en,roomsTitle,text,Our Rooms,,2026-03-27 11:51:48.105016+00,2026-03-28 20:55:30.812602+00
bf0d140f-67dc-447b-b8aa-7977b18b79f1,contact,nl,form_title,text,Stuur ons een bericht,contact@prodiving.asia,2026-03-12 10:14:37.06477+00,2026-03-14 18:57:12.645596+00
bf289a74-05fe-42dc-a192-a9ba5b60810a,viewpoints-koh-tao,nl,hiking_tips_title,text,Wandeltips,,2026-03-28 13:42:12.192138+00,2026-03-28 13:50:12.131579+00
bfbd776c-f947-4537-a7cc-21f5014fefc6,dive-sites/chumphon-pinnacle,en,images,text,https://www.divinginasia.com/images/chumphon-pinnacle-top.webp https://www.divinginasia.com/images/photo-1682686580849-3e7f67df4015.avif https://www.divinginasia.com/images/photo-1613853250147-2f73e55c1561.avif https://www.divinginasia.com/images/photo-1618865181016-a80ad83a06d3.avif https://www.divinginasia.com/images/photo-1647825194145-2d94e259c745.avif https://www.divinginasia.com/images/photo-1659518893171-b15e20a8e201.avif https://www.divinginasia.com/images/photo-1682687982423-295485af248a.avif,,2026-03-28 20:43:16.430069+00,2026-03-28 20:47:03.618356+00
bfd3a9b0-d0ee-4d65-81aa-98107f3b01d8,contact,en,form_sending_label,text,Sending...,contact@prodiving.asia,2026-03-12 14:31:13.936296+00,2026-04-06 04:40:49.337206+00
c01e30cd-086c-4d78-97a9-afa93470a1d3,home,en,course_divemaster_price_usd,text,1190,contact@prodiving.asia,2026-03-12 13:33:29.379002+00,2026-03-16 18:01:39.262481+00
c02dc353-2384-43c6-8c69-5ca52d3e45c8,sail-rock,en,quick_facts_best_time,text,"Year-round, best in dry season (December-May)",,2026-03-27 13:40:10.789117+00,2026-03-28 12:47:09.516174+00
c058f2b3-d0a1-4c02-a2b8-10d0dbcbc8dc,marine-life-page,en,macro_life,text,"Nudibranchs|Colorful sea slugs with unique patterns and shapes, perfect for macro photography.|1-15cm|Coral reefs|Year-round|/marine-life/nudibranchs
Banded sea krait|Venomous sea snakes that hunt fish and eels in shallow water.|Up to 1.5m|Shallow reefs|Year-round|/marine-life/banded-sea-krait
Bearded scorpionfish|Master of camouflage with venomous spines, perfectly disguised as coral.|Up to 30cm|Coral reefs|Year-round|/marine-life/bearded-scorpion-fish
Cephalopods|Intelligent octopuses and cuttlefish, masters of camouflage and problem solving.|5cm-3m|Coral reefs and deep water|Year-round|/marine-life/cephalopods",seed-script,2026-03-28 14:15:08.842017+00,2026-03-28 14:15:08.842017+00
c06e77a6-68e8-43f2-9316-24a1be3a755f,htms-sattakut,nl,marine_life_highlights,text,"Malabar tandbaarzen (resident)
Reuzenbarracuda
Scholen snapper en fusilier
Murenen
Koraalduivels en schorpioenvissen
Koraalgroei op wrakstructuur
Diverse rifvissen
Kogelvissen en trekkervissen",,2026-03-27 13:40:10.789117+00,2026-03-28 12:47:09.516174+00
c0a67e89-da42-4395-9786-406cadffb6ed,scuba-diver,en,section_3_content,text,"Shorter commitment than full Open Water course
Perfect introduction to scuba diving
Can be upgraded to Open Water certification
Fun and relaxed learning environment
Explore beautiful Koh Tao reefs",seed-script,2026-03-28 14:22:36.581793+00,2026-03-28 14:24:15.888987+00
c0bf58f9-53b4-4c7c-bb4d-01998e0bc399,dive-sites/chumphon-pinnacle,nl,marine_life_highlights,text,"Walvishaaien (regelmatige waarnemingen)
Grote scholen giant trevally
Chevron-barracuda
Adelaarsroggen
Scholen horsmakreel en fusilier
Reuzenbarracuda
Kingfish
Diverse rifvissen",,2026-03-28 20:47:21.080002+00,2026-03-28 20:47:21.080002+00
c13332cd-1c48-4407-a50a-5be5d420a6ab,discover-scuba,nl,price_thb,text,2500,seed-script,2026-03-28 13:10:40.754266+00,2026-03-28 14:24:16.326594+00
c14bf443-9b57-4e43-ade1-268454f48751,home,en,course_advanced_duration,text,2 days,contact@prodiving.asia,2026-03-12 10:01:50.741687+00,2026-03-16 18:01:39.262481+00
c1954c23-dd7c-48dc-ac74-99f759baa49c,home,nl,hero_primary_cta,text,Boek nu,contact@prodiving.asia,2026-03-12 10:57:14.010608+00,2026-03-14 18:50:05.442579+00
c19ec633-8dda-4273-9565-799e968f416c,fun-diving,en,fun_diving_hero_title,text,Fun Diving Koh Tao,,2026-03-27 12:57:03.657442+00,2026-03-27 12:57:03.657442+00
c212d728-0e56-4d5d-9b9a-50fa3e8638ee,instructor,en,section_overview_title,text,Program Overview,,2026-03-28 13:19:45.973231+00,2026-03-28 13:19:45.973231+00
c2172572-e8fe-4683-a277-bdd1ad6dce4c,dive-sites/sail-rock,en,diving_tips,text,get up early,contact@prodiving.asia,2026-03-20 09:07:19.116003+00,2026-03-28 20:54:03.477122+00
c22802ad-9ada-43bd-85c8-6c22b46c4ca3,accommodation,en,pricingNote,text,Rates vary by season. Contact us for current availability and exact pricing.,,2026-03-27 11:51:48.105016+00,2026-03-28 20:55:30.812602+00
c228ea4c-2e7c-4901-ba97-0f2da326b2d7,mango-bay,nl,quick_facts_best_time,text,"Hele jaar, beste bij kalm weer",,2026-03-27 13:40:10.789117+00,2026-03-28 12:47:09.516174+00
c2348108-e889-4ba0-8696-6ac79d9424e7,viewpoints-koh-tao,nl,points_list,text,"John-Suwan Viewpoint:|Panoramisch uitzicht over Chalok Baan Kao en Shark Bay.
Fraggle Rock:|Uitzicht over Sairee Beach en de westkust.
Love Koh Tao Viewpoint:|Perfect voor zonsopkomst en foto's.
Mango Viewpoint:|Weids uitzicht over het noorden van het eiland.",,2026-03-28 13:42:12.192138+00,2026-03-28 13:50:12.131579+00
c2a47ff7-dbb6-4608-b4c8-382f8b33e5d4,how-to-get-here,en,ferry_title,text,Ferry options,,2026-03-28 13:42:12.192138+00,2026-03-28 13:42:12.192138+00
c2fba529-066e-46b2-b0fe-d2fdf849cf7c,scuba-diver,en,section_3_title,text,Why choose Scuba Diver?,seed-script,2026-03-28 14:22:36.581793+00,2026-03-28 14:24:15.888987+00
c38741b3-4f7f-4b03-bdf7-1996738e2175,instructor,en,faq_3_a,text,"Absolutely. After instructor certification, you can continue with pro-level development such as MSDT and beyond, depending on your experience and goals.",,2026-03-28 13:19:45.973231+00,2026-03-28 13:19:45.973231+00
c3a67015-70cd-400b-9b1a-1a3c529b332c,japanese-gardens,nl,quick_facts_location,text,Bij Koh Nang Yuan,,2026-03-27 13:40:10.789117+00,2026-03-28 12:47:09.516174+00
c3f17ca1-3085-487f-8483-0b0a49b37d6e,rescue,en,hero_subtitle,text,Develop the skills and confidence to manage dive emergencies and assist others. The Rescue Diver course is an important step for all serious divers.,seed-script,2026-03-28 14:22:37.204447+00,2026-03-28 14:24:16.326594+00
c3ff00ac-cd29-473b-8310-0c1e17deae8c,instructor,nl,sidebar_title,text,Cursusdetails,,2026-03-28 13:19:45.973231+00,2026-03-28 13:19:45.973231+00
c40a94e4-fdbf-44c0-8e1d-3669b754237e,south-west-pinnacle,nl,what_you_can_see,text,"Walvishaaien
Brydevinvissen
Reuzenbarracuda
Koningsmakreel",,2026-03-27 13:40:10.789117+00,2026-03-28 12:47:09.516174+00
c41b67cd-8ada-47d1-b4ee-588f47cdc9b8,south-west-pinnacle,nl,quick_facts_depth,text,15-35m,,2026-03-27 13:40:10.789117+00,2026-03-28 12:47:09.516174+00
c43d84f3-7ffb-4837-b1f9-74932c8adc46,advanced,en,section_1_title,text,What you'll do,seed-script,2026-03-28 14:22:36.581793+00,2026-03-28 14:24:15.888987+00
c44e42a2-eb09-4861-9c00-c8d01a20f357,discover-scuba,en,hero_subtitle,text,Explore the thrill of breathing underwater with no certification required. This beginner program is the perfect first dive experience on Koh Tao.,seed-script,2026-03-27 10:52:08.104218+00,2026-03-28 16:44:59.316524+00
c457fffb-44b5-497b-a4ab-839a4a8290af,discover-scuba,en,course_overview,text,"Discover Scuba Diving is designed for non-certified divers who want to safely experience real scuba diving with a professional instructor. You start with a simple briefing and essential skills in confined water, then continue to shallow open water for your first dive. test",seed-script,2026-03-27 10:52:08.104218+00,2026-03-28 16:44:59.316524+00
c50b27ce-991d-48db-a9c7-77eba0b31f97,home,nl,course_efr_price,text,"฿3,500",contact@prodiving.asia,2026-03-12 10:57:14.010608+00,2026-03-14 18:50:05.442579+00
c51f5057-ac25-4505-82e5-d481034ab014,nudibranchs,nl,habitat,text,"Koraalriffen, zandvlaktes, rotsachtige zones",seed-script,2026-03-28 14:15:08.09076+00,2026-03-28 14:15:08.09076+00
c54c6688-132e-4d0d-887c-21d0f7ca6184,rescue,en,price_thb,text,10000,seed-script,2026-03-28 14:22:37.204447+00,2026-03-28 14:24:16.326594+00
c60d84bb-bb7b-4eae-844b-dff9357d4d37,japanese-gardens,en,quick_facts_difficulty,text,Beginner to Intermediate,,2026-03-27 13:40:10.789117+00,2026-03-28 12:47:09.516174+00
c64ec2d3-54d7-42b6-a3de-2ea27780bf18,discover-scuba,en,faq_4_question,text,What is the DSD Deluxe option?,seed-script,2026-03-28 14:22:37.204447+00,2026-03-28 16:44:59.316524+00
c6cbd81d-ea82-4336-a75c-22851df228ad,instructor,en,faq_2_a,text,"Yes. After completing the IDC and passing the Instructor Examination (IE), you earn the PADI Open Water Scuba Instructor certification and can teach professionally.",,2026-03-28 13:19:45.973231+00,2026-03-28 13:19:45.973231+00
c6e80b04-e811-4b57-944c-d18d2a1bb9f2,contact,nl,phone_title,text,Telefoon,contact@prodiving.asia,2026-03-12 10:14:37.06477+00,2026-03-14 18:57:12.645596+00
c6fb2182-0c78-4b75-a6c9-3d251b394219,food-drink,en,title,text,Food & drinks on Koh Tao,,2026-03-28 13:42:12.192138+00,2026-03-28 13:42:12.192138+00
c73228a8-efe3-48c0-99b0-01bbc29cbef3,chumphon-pinnacle,en,images,text,https://www.divinginasia.com/images/chumphon-pinnacle-top.webp https://www.divinginasia.com/images/photo-1682686580849-3e7f67df4015.avif https://www.divinginasia.com/images/photo-1613853250147-2f73e55c1561.avif https://www.divinginasia.com/images/photo-1618865181016-a80ad83a06d3.avif https://www.divinginasia.com/images/photo-1647825194145-2d94e259c745.avif https://www.divinginasia.com/images/photo-1659518893171-b15e20a8e201.avif https://www.divinginasia.com/images/photo-1682687982423-295485af248a.avif,,2026-03-27 14:44:46.785028+00,2026-03-28 20:53:36.669148+00
c7420425-cd45-44b2-96c5-353d6ea9729d,contact,nl,subject_option_3,text,Uitrusting verhuur,contact@prodiving.asia,2026-03-12 13:34:35.256812+00,2026-03-14 18:57:12.645596+00
c77950d2-2388-458c-a7e0-9f98f40e0369,rescue,nl,price_thb,text,10000,seed-script,2026-03-14 11:19:45.578131+00,2026-03-28 14:24:16.617176+00
c7cbb4b9-e0a2-4903-b532-8f19673ec618,blacktip-reef-shark,en,interesting_facts,text,"Blacktip reef sharks can live up to 12 years
They give birth to live young (viviparous)
Females can have up to 4 pups per litter
They are mainly active during the day
Despite their name, they are usually harmless to humans
They help keep reef fish populations in balance",seed-script,2026-03-28 14:15:08.526272+00,2026-03-28 14:15:08.526272+00
c7f697cc-1ec4-4c28-a0e7-8b7321eb7302,nudibranchs,nl,conservation_status,text,Niet geëvalueerd,seed-script,2026-03-28 14:15:08.09076+00,2026-03-28 14:15:08.09076+00
c80f83f8-869c-4bcf-a6b7-d7f3f66d5488,pro-level-courses,nl,page_subtitle,text,Professionele trainingsprogramma's en instructor-specialtycursussen op Koh Tao. Klik op een cursus voor details of informatie.,,2026-03-28 13:23:24.29037+00,2026-03-28 13:23:24.29037+00
c8789bcc-b998-4623-a901-86359638909c,home,nl,course_instructor_title,text,PADI Instructeurs Cursus,contact@prodiving.asia,2026-03-12 10:57:14.010608+00,2026-03-14 18:50:05.442579+00
c8c62430-966f-40c2-859b-21b52f1dd913,rescue,en,faq_1_question,text,Is Rescue difficult?,seed-script,2026-03-28 14:22:37.579329+00,2026-03-28 14:24:16.617176+00
c8d72ab6-35d5-45bc-a10e-360ed0bedf1f,instructor,en,next_steps_body,text,"Send your diving resume and preferred start dates. We'll guide you through IDC prerequisites, schedules and placement opportunities.",,2026-03-28 13:19:45.973231+00,2026-03-28 13:19:45.973231+00
c8e7892a-7a6a-4342-9e2e-ff9562a8ca16,how-to-get-here,nl,cta_visa_info,text,Visuminformatie,,2026-03-28 13:42:12.192138+00,2026-03-28 13:42:12.192138+00
c90b1770-3f75-4cb0-b9c8-c01fa3ed83a8,home,nl,course_instructor_price,text,"฿68,900",contact@prodiving.asia,2026-03-12 10:57:14.010608+00,2026-03-14 18:50:05.442579+00
c96c03e1-2a06-4451-8e56-7f8d74d72987,divemaster,nl,price_eur,text,1090,contact@prodiving.asia,2026-03-12 15:13:41.90407+00,2026-03-28 13:24:35.370944+00
c98e6ab7-ad85-4097-90c2-80fa7aa3668e,fun-diving,nl,fun_diving_flexible_body,text,"We run two dive trips a day - morning and afternoon - on our spacious customized dive boats. After an exhilarating day of diving, unwind with refreshing drinks and share your incredible underwater experiences over a stunning sunset.",,2026-03-28 13:10:40.754266+00,2026-03-30 11:23:47.936366+00
c9c40e12-091f-43d9-a9b1-1478a48735f1,open-water,nl,hero_subtitle,text,De PADI Open Water Diver-cursus is de populairste duikcursus ter wereld. Je leert de basis van het duiken en behaalt je brevet om zelfstandig met een buddy te duiken tot 18 meter/60 voet..,contact@prodiving.asia,2026-03-09 17:57:14.068604+00,2026-03-27 10:22:44.612036+00
c9c50843-14a7-4bf4-b668-294f39c4030d,japanese-gardens,nl,what_you_can_see,text,"Pink-tailed triggerfish
Ocellated adelaarsrog
Kleurrijk koraal
Gemarmerde octopus",,2026-03-27 13:40:10.789117+00,2026-03-28 12:47:09.516174+00
ca12841c-1e85-4994-873a-5939f57a36b7,home,nl,course_divemaster_level,text,Professioneel,contact@prodiving.asia,2026-03-12 10:57:14.010608+00,2026-03-14 18:50:05.442579+00
ca28cec5-36b7-42f7-a580-b8845cfa81fd,home,en,course_efr_price_eur,text,120,contact@prodiving.asia,2026-03-12 13:33:29.379002+00,2026-03-16 18:01:39.262481+00
ca4b032c-d61c-44d3-b50c-3a718b7d0d92,instructor,nl,contact_cta,text,Neem contact op voor boeking/informatie,,2026-03-28 13:19:45.973231+00,2026-03-28 13:19:45.973231+00
ca75a8ca-398a-4e45-af52-b7b2dd834fa5,rescue,en,section_1_content,text,"Self-rescue and diver stress recognition
Rescue scenarios and techniques
Emergency management and equipment
Rescue breathing and casualty care",seed-script,2026-03-28 14:22:37.579329+00,2026-03-28 14:24:16.617176+00
cabc8147-f76d-4185-852b-c7106adf9c43,home,en,course_rescue_price_eur,text,265,contact@prodiving.asia,2026-03-12 13:33:29.379002+00,2026-03-16 18:01:39.262481+00
cabd7877-cdbd-4088-bea2-def3aa10605d,divemaster,en,price_thb,text,41000,contact@prodiving.asia,2026-03-10 05:43:53.838953+00,2026-04-05 06:22:38.909171+00
cac28bd2-0b92-48f1-a021-4a3dc384453a,japanese-gardens,nl,quick_facts_best_time,text,"Hele jaar, beste zicht november-mei",,2026-03-27 13:40:10.789117+00,2026-03-28 12:47:09.516174+00
cb4836de-9f12-4f98-81ba-e0a8c38adef9,things-to-do,nl,activities_list,text,"Maak een snorkeltour naar verborgen baaien
Volg een Thaise kookles
Huur een kajak of paddleboard
Verken de wandelroutes op het eiland
Ontspan met een massage op het strand
Doe mee aan een yoga- of fitnessles
Geniet van de zonsondergang bij een rooftop bar
Bezoek lokale kunstgaleries en markten",,2026-03-28 13:31:13.441375+00,2026-03-28 13:31:13.441375+00
cc28475a-1ddd-4ccd-b7f9-abe7efc234e8,marine-life-page,en,cta_text,text,Join our PADI-certified courses and fun dive trips to see these incredible animals up close in their natural habitat.,seed-script,2026-03-28 14:15:08.842017+00,2026-03-28 14:15:08.842017+00
cc5d2f5f-0bf3-4d8d-9ad4-3a0efa8a298b,koh-tao-dive-sites,en,stat1_text,text,From shallow bays to deep pinnacles,seed-script,2026-03-28 14:03:22.715903+00,2026-03-28 14:03:22.715903+00
ccd70a92-bcf3-4397-850c-94dea0e76435,shark-island,en,marine_life_highlights,text,Black-tip Reef Sharks Diverse reef fish Gorgonian sea fans Soft tree corals Anthias and anthias Parrotfish and wrasse Moray eels Nudibranchs and invertebrates,,2026-03-27 13:40:10.789117+00,2026-03-31 17:53:58.616512+00
cceb7213-ff60-42b1-9c17-5d065493c7d7,home,en,course_instructor_price,text,"฿68,900",contact@prodiving.asia,2026-03-12 10:01:50.741687+00,2026-03-16 18:01:39.262481+00
cceed104-79bb-48a2-899f-977658267cd7,koh-tao-dive-sites,nl,coral_title,text,Prachtige koraalrif-locaties,seed-script,2026-03-28 14:03:22.715903+00,2026-03-28 14:03:22.715903+00
ccf3de3a-53a0-4f15-9b02-53a01846e6bb,contact,nl,location_line_1,text,"Sairee Beach, Koh Tao",contact@prodiving.asia,2026-03-12 10:14:37.06477+00,2026-03-14 18:57:12.645596+00
cd03ec7d-6209-42a4-8ae4-6e990182eb21,mango-bay,nl,diving_tips,text,"Perfect voor beginners en trainingsduiken
Ook uitstekend om te snorkelen
Zoek grazers in zeegras en rifleven
Toplocatie voor onderwaterfotografie
Kalm water ideaal voor trim- en drijfvermogen
Meerdere koraalbommies om te verkennen
Geschikt voor langere duiken
Perfect voor Open Water trainingsduiken",,2026-03-27 13:40:10.789117+00,2026-03-28 12:47:09.516174+00
cd4264ea-cca4-41b4-8b13-4a3827f5c73f,green-sea-turtle,en,interesting_facts,text,"Green sea turtles can live up to 80 years
They are named after their green body fat, not their shell
Females return to the beach where they hatched to lay eggs
While resting, they can hold their breath for up to 7 hours
Hatchlings must reach the ocean within 72 hours to survive
They migrate thousands of kilometers between feeding and nesting areas",seed-script,2026-03-28 14:15:08.09076+00,2026-03-28 14:15:08.09076+00
cd6222b5-26d5-4a90-b2ec-29ec7646a05c,koh-tao-dive-sites,nl,stat4_text,text,Locaties voor beginners tot gevorderde duikers,seed-script,2026-03-28 14:03:22.715903+00,2026-03-28 14:03:22.715903+00
cd69ec10-3d53-4079-a15c-21363b4dd3d8,advanced,nl,section_2_title,text,Vereisten,seed-script,2026-03-28 14:22:36.581793+00,2026-03-28 14:24:15.888987+00
cd87b081-c636-4661-8803-c1143b947543,discover-scuba,en,price_thb,text,2500,seed-script,2026-03-27 10:52:08.104218+00,2026-03-28 16:44:59.316524+00
cdc0f367-67fa-414b-b82d-e7e21af2954f,instructor,nl,sidebar_subtitle,text,IDC · Instructor Examination · Praktijkles,,2026-03-28 13:19:45.973231+00,2026-03-28 13:19:45.973231+00
cddec770-d071-4d3f-ba49-3e966b012436,home,nl,course_open_water_price,text,"฿11,000",contact@prodiving.asia,2026-03-12 10:57:14.010608+00,2026-03-14 18:50:05.442579+00
cef5770d-f0b0-43d2-bb19-fca7d4881bf6,advanced,en,hero_subtitle,text,Expand your skills with five Adventure Dives including deep and navigation. Perfect for exploring deeper dive sites.,seed-script,2026-03-28 14:22:36.581793+00,2026-03-28 14:24:15.888987+00
cf27e590-b019-4757-994f-5044ce4e0fb7,home,en,about_sites_line,textarea,WHITE ROCK - TWINS - GREEN ROCK - CHUMPHON PINNACLE - SAIL ROCK - SOUTHWEST PINNACLE - AND MORE,contact@prodiving.asia,2026-03-12 10:01:50.741687+00,2026-03-16 18:01:39.262481+00
cf3d89d7-f72b-4777-a379-880dc856c3a1,contact,en,form_message_label,text,Message,contact@prodiving.asia,2026-03-12 14:31:13.936296+00,2026-04-06 04:40:49.337206+00
cf561b32-e763-4e63-ac43-2df9bc10f732,home,nl,course_divemaster_max_depth,text,40m,contact@prodiving.asia,2026-03-12 10:57:14.010608+00,2026-03-14 18:50:05.442579+00
cf6f89ba-3390-4145-ac12-ee8c66796367,advanced,en,section_1_content,text,"5 adventure dives (can be done over 2-3 days)
Practice deep dive techniques and navigation
Improve buoyancy and comfort underwater
Choose electives: Night, Wreck, Fish ID, Photography, etc.",seed-script,2026-03-28 14:22:36.581793+00,2026-03-28 14:24:15.888987+00
cfb0e4fa-5273-4f00-8930-a2148232e5c6,mango-bay,en,quick_facts_difficulty,text,Beginner,,2026-03-27 13:40:10.789117+00,2026-03-28 12:47:09.516174+00
cfbb244a-9308-48d1-af1c-d1ff0baaa07a,twins-pinnacle,nl,marine_life_highlights,text,"Drie granieten pinnacles
Bogen en rotsformaties
Rijk onderwaterleven
Perfect voor training
Rustige omstandigheden
Anemonen met clownfish",,2026-03-27 13:40:10.789117+00,2026-03-28 12:47:09.516174+00
cfda051f-ec4d-4619-8f91-0df023db9c7a,pro-level-courses,en,enquire_button,text,Enquire,,2026-03-28 13:23:24.29037+00,2026-03-28 13:23:24.29037+00
d0375a64-2d3d-4c01-b187-4d4f2b3c8719,koh-tao-info,en,title,text,About Koh Tao,,2026-03-28 13:31:13.441375+00,2026-03-28 13:31:13.441375+00
d0401e27-5646-43d2-9b6d-ef796b130696,advanced,en,price_usd,text,275,seed-script,2026-03-28 14:22:36.581793+00,2026-03-28 14:24:15.888987+00
d09adbca-3a49-48fd-955d-a73ac66cfd7d,instructor,nl,section_learn_items,text,"Didactische en presentatievaardigheden
Cursusmanagement en studentbeoordeling
Risicobeheer en leiderschap
Marketing en zakelijke ontwikkeling voor instructeurs",,2026-03-28 13:19:45.973231+00,2026-03-28 13:19:45.973231+00
d0ba8d10-90eb-4053-a976-443589671b32,home,nl,course_discover_scuba_title,text,Discover Scuba Diving (DSD),contact@prodiving.asia,2026-03-12 10:57:14.010608+00,2026-03-14 18:50:05.442579+00
d0d46b96-dadc-487f-9f98-9a8a41e4e67b,twins-pinnacle,en,marine_life_highlights,text,"Three granite pinnacles
Arch and rock formations
Rich marine life
Perfect for training
Calm conditions
Anemones with clownfish",,2026-03-27 13:40:10.789117+00,2026-03-28 12:47:09.516174+00
d10153f7-64d1-4767-af2c-c1c8f696b151,things-to-do,nl,activities_title,text,Populaire activiteiten,,2026-03-28 13:31:13.441375+00,2026-03-28 13:31:13.441375+00
d128874d-70ed-42c8-b833-053d891002c5,viewpoints-koh-tao,en,section_title,text,Island viewpoints,,2026-03-28 13:42:12.192138+00,2026-03-28 13:46:35.031208+00
d1353d29-da46-437a-b104-ba36920d23cb,koh-tao-dive-sites,en,hero_text,text,"Discover more than 25 incredible dive sites around Koh Tao, from shallow coral reefs to deep ocean pinnacles. Every site offers unique underwater experiences and rich marine life.",seed-script,2026-03-28 14:03:22.715903+00,2026-03-28 14:03:22.715903+00
d14639ce-4451-4105-bfa8-a75b8cbfaf69,south-west-pinnacle,en,quick_facts_best_time,text,"Year-round, best in calm season",,2026-03-27 13:40:10.789117+00,2026-03-31 17:55:41.76794+00
d15a339d-1b6a-44d2-8baf-5a7cce004af2,home,en,course_discover_scuba_price_eur,text,66,contact@prodiving.asia,2026-03-12 13:33:29.379002+00,2026-03-16 18:01:39.262481+00
d1879037-89de-486e-9c6a-8da1f9c64662,home,en,course_open_water_price_usd,text,320,contact@prodiving.asia,2026-03-12 13:33:29.379002+00,2026-03-16 18:01:39.262481+00
d19d7b90-491a-4af2-a297-53aa59726f35,blacktip-reef-shark,nl,detailed_description,text,"De zwartpuntrifhaai is een van de meest geziene haaisoorten op de riffen van Koh Tao en is cruciaal voor de ecologische balans. De soort is genoemd naar de zwarte uiteinden van de vinnen. Overdag patrouilleren ze actief over het rif en rusten ze soms in kleine grotten. Ze zijn doorgaans niet agressief richting mensen en zorgen voor een spannende maar veilige duikervaring. Tijdens het voortplantingsseizoen zijn jonge haaien extra vaak te zien, wat mooie fotokansen geeft voor duikers en snorkelaars.",seed-script,2026-03-28 14:15:08.526272+00,2026-03-28 14:15:08.526272+00
d2287f53-b937-40e9-b4ef-8db21f1acd0f,food-drink,en,highlights_title,text,Culinary highlights,,2026-03-28 13:42:12.192138+00,2026-03-28 13:42:12.192138+00
d23ea9cf-88a4-4109-a110-bbe75b3d2afc,fun-diving,en,fun_diving_hero_cta2,text,Book a Course,,2026-03-27 12:57:03.657442+00,2026-03-27 12:57:03.657442+00
d2cc1178-58a8-4e85-9633-10d6a8c70151,msdt-program,en,hero_subtitle,text,"The PADI MSDT Program is designed for instructors who want to take their teaching career to the next level. This program provides you with the skills, experience, and certifications to teach a wide range of PADI specialty courses, making you more employable and confident as a dive professional.",,2026-03-28 13:22:02.219507+00,2026-03-28 13:22:02.219507+00
d35e2e5a-f66c-448b-ab36-303ab684a5f2,htms-sattakut,nl,overview,text,"HTMS Sattakut is een fascinerend voormalig US Navy-schip uit de Tweede Wereldoorlog dat in 2011 bewust is afgezonken om een kunstmatig rif te vormen. Dit wrak van circa 30 meter ligt tussen Koh Tao en Koh Nang Yuan op 18-30 meter diepte. Inmiddels is het uitgegroeid tot een levendig rif, bedekt met koralen en bewoond door uiteenlopend onderwaterleven. De scheepsstructuur biedt interessante doorgangen, van machinekamer tot brug. Grote tandbaarzen, snappers en barracuda's gebruiken het wrak als leefgebied, waardoor dit een topbestemming is voor wrakduiken in Zuidoost-Azië.",,2026-03-27 13:40:10.789117+00,2026-03-28 12:47:09.516174+00
d3695084-a269-49e7-80c4-dfb76f76d2c1,koh-tao-dive-sites,nl,hero_title,text,Duiklocaties op Koh Tao,seed-script,2026-03-28 14:03:22.715903+00,2026-03-28 14:03:22.715903+00
d3a1bb6c-e30d-4f45-b7ed-31abfe66b499,viewpoints-koh-tao,en,points_list,text,"John-Suwan Viewpoint:|Panoramic views over Chalok Baan Kao and Shark Bay.
Fraggle Rock:|Views over Sairee Beach and the west coast.
Love Koh Tao Viewpoint:|Perfect for sunrise and photos.
Mango Viewpoint:|Wide views over the north of the island.",,2026-03-28 13:42:12.192138+00,2026-03-28 13:46:35.031208+00
d3ca836b-0d59-439a-8d27-112325078ca0,htms-sattakut,en,marine_life_highlights,text,Malabar Groupers (resident) Giant Barracuda Snapper and Fusilier schools Moray Eels Lionfish and scorpionfish Coral growth on wreck structure Various reef fish species Puffers and triggerfish,,2026-03-27 13:40:10.789117+00,2026-03-28 20:54:03.477122+00
d3ed0e57-2b1a-406c-9f58-7a87eb890f7e,home,en,course_divemaster_level,text,Professional,contact@prodiving.asia,2026-03-12 10:01:50.741687+00,2026-03-16 18:01:39.262481+00
d3fc0bb9-ae99-4c46-acaa-c727afdb8df6,scuba-review,nl,hero_subtitle,text,Haven't dived in a while? no problemRefresh your skills with a professional instructor.,,2026-03-28 13:10:40.754266+00,2026-03-28 13:10:40.754266+00
d450af69-146a-42ad-bb75-d1ad764a9f23,how-to-get-here,nl,options_list,text,"Met de ferry:|Koh Tao is alleen per boot bereikbaar. Ferries vertrekken vanaf Chumphon, Surat Thani, Koh Samui en Koh Phangan. Bekende aanbieders zijn Lomprayah, Songserm en Seatran.
Met de trein:|Reis met de trein van Bangkok naar Chumphon en stap daar over op de ferry.
Met de bus:|Bussen vanuit Bangkok en andere steden sluiten aan op ferryterminals in Chumphon en Surat Thani.
Met het vliegtuig:|Vlieg naar Koh Samui, Chumphon of Surat Thani en neem daarna de ferry naar Koh Tao.",,2026-03-28 13:42:12.192138+00,2026-03-28 13:42:12.192138+00
d47fa96d-e0e7-46fb-a68f-194c799dba1a,koh-tao-dive-sites,nl,depth_label,text,Diepte,seed-script,2026-03-28 14:03:22.715903+00,2026-03-28 14:03:22.715903+00
d4b2ec3c-f424-4def-a268-3a82d7a84c04,weather-koh-tao,en,subtitle,text,Plan your trip with insight into Koh Tao's tropical climate.,,2026-03-28 13:46:34.702478+00,2026-03-28 13:46:34.702478+00
d4c2acde-85ca-4e39-9d96-987c3e44bc94,chumphon-pinnacle,nl,diving_tips,text,"Gevorderde certificering aanbevolen door diepte en stroming
Vroege ochtendtrips vergroten de kans op walvishaaiwaarnemingen
Groothoeklens aanbevolen voor grote onderwerpen
Blijf bij je gids bij matige stroming
Perfect voor specialisatiecursus diepduiken
Walvishaaien zijn het actiefst bij opkomend tij
Neem een goede onderwatercamera mee",,2026-03-27 13:40:10.789117+00,2026-03-28 21:03:37.497664+00
d4c87382-1293-468e-a160-d82e29bc0f71,nudibranchs,nl,photography_tips,text,"Gebruik macrolenzen (30-60mm) om het frame met detail te vullen
Handmatige focus is essentieel voor scherpte op kleine onderwerpen
Gebruik focuslicht om details goed uit te lichten
Fotografeer close-up voor kieuwen, voelsprieten en textuur
Wees geduldig en wacht op een goede positie
Goede belichting laat kleuren en patronen echt uitkomen",seed-script,2026-03-28 14:15:08.09076+00,2026-03-28 14:15:08.09076+00
d4cd6728-9ce3-4c47-8af9-67e7f0ed8278,koh-tao-dive-sites,nl,shallow_title,text,Ondiepe duiklocaties voor beginners,seed-script,2026-03-28 14:03:22.715903+00,2026-03-28 14:03:22.715903+00
d4e92f41-f926-4827-b376-db91f8a7667b,weather-koh-tao,nl,cta_go_diving,text,Ga duiken,,2026-03-28 13:46:34.702478+00,2026-03-28 13:46:34.702478+00
d5d10d3c-64b7-462d-89c1-bc25617e6c34,things-to-do,en,activity_guide,text,activity guide,,2026-03-28 13:31:13.441375+00,2026-03-28 13:31:13.441375+00
d65e551c-bf7f-4392-a3e9-18d06b241a66,scuba-diver,nl,section_1_content,text,"Basis duiktheorie en -fysica
Correct gebruik van duikuitrusting
Fundamentele duikvaardigheden en veiligheidsprocedures
Onderwatercommunicatie en buddy-systeem
Verkenning van ondiep water en rifbewustzijn
Milieubewustzijn en mariene natuurbescherming",seed-script,2026-03-28 14:22:37.204447+00,2026-03-28 14:24:16.326594+00
d674d6cb-24c0-41d8-8ae0-762a53de971d,hawksbill-sea-turtle,en,conservation_status,text,Critically endangered,seed-script,2026-03-28 14:15:08.526272+00,2026-03-28 14:15:08.526272+00
d68b8342-6ec2-47cd-a0a5-0d31a681958d,home,nl,about_paragraph_1,textarea,"Koh Tao is niet alleen de meest populaire bestemming in Thailand voor je duikvakantie, maar ook om bijna al je PADI duik certificaties te kunnen halen van beginner tot Instructeur.",contact@prodiving.asia,2026-03-12 10:57:14.010608+00,2026-03-14 18:50:05.442579+00
d69749ba-abb3-440e-a5fa-1e2347970181,koh-tao-dive-sites,en,deep_sites,text,"Sail Rock|/dive-sites/sail-rock|Koh Tao's flagship deep dive site with huge fish schools, whale sharks, and giant barracuda.|18-40m|Whale sharks,Giant barracuda,Malabar grouper,Sailfish|Gevorderd|40 minutes offshore
Chumphon Pinnacle|/dive-sites/chumphon-pinnacle|Granite pinnacle with excellent whale shark sightings and large schools of trevally.|15-30m|Whale sharks,Trevally schools,Eagle rays,Chevron barracuda|Gevorderd|30 minutes offshore
South West Pinnacle|/dive-sites/south-west-pinnacle|Deep pinnacle known for whale sharks, Bryde's whales, and large pelagic fish.|15-35m|Whale sharks,Bryde's whales,Giant barracuda,Spanish mackerel|Gevorderd|30-40 minutes offshore",seed-script,2026-03-28 14:03:22.715903+00,2026-03-28 14:03:22.715903+00
d6b77613-6947-4ee6-9d3b-85c55236aec9,home,en,courses_section_title,text,Our Diving Courses,contact@prodiving.asia,2026-03-12 10:01:50.741687+00,2026-03-16 18:01:39.262481+00
d72f6eda-b876-4640-8124-759a02adc517,discover-scuba,en,faq_4_answer,text,"Deluxe is an extended experience with extra dives and more underwater time, ideal if you want a deeper introduction before starting Open Water.",seed-script,2026-03-28 14:22:37.204447+00,2026-03-28 16:44:59.316524+00
d790103b-b4f0-4ca5-9f7e-4026182a0132,idc,en,course_overview,text,"Program Overview.The Instructor pathway trains experienced divers to teach and certify new divers. The IDC includes teaching presentations, student evaluations and practical teaching experience with support from experienced staff instructors.

Prerequisites
Prerequisite: PADI Divemaster (or equivalent), current EFR, and a minimum number of logged dives as required by PADI. Candidates must complete Instructor exams and assessments.

What you'll learn
Teaching and presentation skills
Course management and student evaluation
Risk management and leadership
Marketing and business development for instructors
Inclusions
IDC materials and PADI registration
Practical teaching sessions and mentoring
Exam preparation and exam fees (where applicable).
",,2026-03-19 11:48:36.578382+00,2026-03-28 13:07:53.76759+00
d794c004-eeef-43fa-b217-4d12fe37cb9e,fun-diving,nl,fun_diving_ready_cta1,text,View Pricing & Schedules,,2026-03-28 13:10:40.754266+00,2026-03-30 11:23:47.936366+00
d7ae1822-6967-4476-baae-9f2a08fbb904,accommodation,en,viewRooms,text,View Rooms,,2026-03-27 11:51:48.105016+00,2026-03-28 20:55:30.812602+00
d7cb8cb9-a448-4f60-8c23-479cb9e9d32e,accommodation,nl,ctaBody,text,Voeg accommodatie toe aan je duiktrip en stuur direct je aanvraag.,,2026-03-27 11:51:48.105016+00,2026-03-28 20:56:02.462461+00
d7e0c9b7-a5e5-401e-ab4a-3828f9727326,dive-sites/sail-rock,nl,ready_to_dive,text,Dutch ready to dive content here,,2026-03-20 09:07:19.116003+00,2026-03-20 09:07:19.116003+00
d7f001bc-665a-4d0c-aaa8-ce0185925390,discover-scuba,nl,faq_4_answer,text,"Deluxe is een uitgebreidere ervaring met extra duiken en meer tijd onder water, ideaal als je daarna mogelijk verder wilt met Open Water.",seed-script,2026-03-28 14:22:37.204447+00,2026-03-28 14:24:16.326594+00
d817228c-ead6-4cba-926a-66e168ffa3c0,home,nl,course_divemaster_duration,text,2-4 weken,contact@prodiving.asia,2026-03-12 10:57:14.010608+00,2026-03-14 18:50:05.442579+00
d81d5c8c-e9c2-4ba9-812b-ea6de0c87b83,pro-level-courses,en,footer_title,text,Enquire / Book a Pro Course,,2026-03-28 13:23:24.29037+00,2026-03-28 13:23:24.29037+00
d84b1f22-527f-4002-8816-25f2e8e11473,koh-tao-dive-sites,en,coral_sites,text,"Japanese Gardens||Varied coral reefs with colorful marine life and swim-throughs.|12-25m|Pink-tailed triggerfish,Ocellated eagle ray,Colorful coral,Marbled octopus|Gemiddeld|Near Koh Nang Yuan
Shark Island||Beautiful purple soft corals and gorgonians with abundant marine life.|8-20m|Sea fans,Whip corals,Blacktip reef sharks,Tropical fish|Beginner-Gemiddeld|South coast
Mango Bay||Shallow coral reefs ideal for relaxed diving with a healthy ecosystem.|5-18m|Colorful coral,Reef fish,Sea anemones|Beginner|Bay on west coast",seed-script,2026-03-28 14:03:22.715903+00,2026-03-28 14:03:22.715903+00
d9216991-75de-426d-9e94-61fd14db7221,home,nl,course_instructor_description,textarea,Train to teach scuba professionally and build a dive career anywhere in the world.,contact@prodiving.asia,2026-03-12 10:57:14.010608+00,2026-03-14 18:50:05.442579+00
d94f0ccf-483e-4952-8a55-bc5ed9d5d35f,koh-tao-dive-sites,nl,shallow_sites,text,"Aow Leuk||Ondiepe baai met koraaltuinen en makkelijke duikomstandigheden.|3-10m|Koraaltuinen,Tropische vissen,Makkelijke toegang,Trainingslocatie|Beginner|Westkust
Hin Ngam||Ondiep rif met kunstmatige structuren en veel zeeleven.|5-12m|Kunstmatige riffen,Kleurrijke vissen,Veilig duiken,Fotografie|Beginner|Westkust
Tanote Bay||Duiklocatie aan de oostkant met macrokansen en kleurrijk rifleven.|8-15m|Hengelaarsvis,Pijpvis,Macrofotografie,Kleurrijk rif|Gemiddeld|Oostkust",seed-script,2026-03-28 14:03:22.715903+00,2026-03-28 14:03:22.715903+00
d954a1b4-bcaa-4d99-8cfd-163a29c41e6c,home,en,course_open_water_level,text,Beginner,contact@prodiving.asia,2026-03-12 10:01:50.741687+00,2026-03-16 18:01:39.262481+00
d9916909-9ddd-4717-8e98-48990d84bf43,fun-diving,en,fun_diving_overview_title,text,From Breathtaking Shipwrecks to Exotic Marine Life,,2026-03-27 12:57:03.657442+00,2026-03-27 12:57:03.657442+00
d9957e6b-9664-4263-832f-66b1cd82ea50,contact,en,subject_option_4,text,General Question,contact@prodiving.asia,2026-03-12 14:31:13.936296+00,2026-04-06 04:40:49.337206+00
d9a412e4-b2e5-4def-98a0-d27709c51fe4,home,en,course_instructor_description,textarea,Train to teach scuba professionally and build a dive career anywhere in the world.,contact@prodiving.asia,2026-03-12 10:01:50.741687+00,2026-03-16 18:01:39.262481+00
d9c4b1d6-0647-4f84-a588-182ffab13117,fun-diving,en,fun_diving_flexible_body,text,"We run two dive trips a day - morning and afternoon - on our spacious customized dive boats. After an exhilarating day of diving, unwind with refreshing drinks and share your incredible underwater experiences over a stunning sunset.",,2026-03-27 12:57:03.657442+00,2026-03-27 12:57:03.657442+00
da0016d2-ec22-4c04-a85a-2502b38ff331,accommodation,nl,people,text,Aantal personen,,2026-03-27 11:51:48.105016+00,2026-03-28 20:56:02.462461+00
da8efb20-a524-4eb5-bba0-a52a6e681301,msdt-program,en,included_title,text,What's Included,,2026-03-28 13:22:02.219507+00,2026-03-28 13:22:02.219507+00
dae75d0f-1ac5-4623-b031-bc336acb0416,contact,en,subject_option_3,text,Equipment Rental,contact@prodiving.asia,2026-03-12 14:31:13.936296+00,2026-04-06 04:40:49.337206+00
db1194a3-5a93-4273-9fc7-e6fdfc444cb6,Diving tips,nl,diving-tips,text,tip 2,,2026-03-28 13:10:40.754266+00,2026-03-28 13:10:40.754266+00
db9106fd-107e-4be2-85b1-e2c6b6bcc49a,shark-island,en,images,text,https://www.divinginasia.com/images/sharkisand.jpg https://www.divinginasia.com/images/blacktip-reef-shark.jpg,,2026-03-27 16:24:21.72643+00,2026-03-28 20:52:28.810735+00
dbb46424-ff1d-4893-b470-b5af16075928,how-to-get-here,en,cta_visa_info,text,Visa information,,2026-03-28 13:42:12.192138+00,2026-03-28 13:42:12.192138+00
dc4adb26-91ab-4bfa-b53f-3165cc79031e,hawksbill-sea-turtle,en,size,text,"Up to 1m (3.3ft), 50-80kg",seed-script,2026-03-28 14:15:08.526272+00,2026-03-28 14:15:08.526272+00
dc4cde9a-d685-4987-9509-7a75c43cf8c2,msdt-program,en,prereq_items,text,"PADI Open Water Scuba Instructor (OWSI) certification
Current EFR Instructor
Minimum 25 PADI student certifications (to apply for MSDT rating)
Minimum age: 18 years",,2026-03-28 13:22:02.219507+00,2026-03-28 13:22:02.219507+00
dc7776e4-84de-4481-91e2-9dc1fbebf8a4,marine-life-page,en,cta_title,text,Ready to experience Koh Tao marine life?,seed-script,2026-03-28 14:15:08.842017+00,2026-03-28 14:15:08.842017+00
dc7f40df-a9d1-40a2-8ae8-660347e6a837,instructor,en,cta_primary,text,Enquire About Instructor,,2026-03-28 13:19:45.973231+00,2026-03-28 13:19:45.973231+00
dc8e43c8-518d-4bf7-ba83-9f9345481d51,blacktip-reef-shark,nl,habitat,text,"Koraalriffen, ondiep kustwater",seed-script,2026-03-28 14:15:08.526272+00,2026-03-28 14:15:08.526272+00
dcfbbffd-eeba-40d7-9013-01439f1d6e25,contact,nl,subject_option_2,text,Duik trip boeking,contact@prodiving.asia,2026-03-12 13:34:35.256812+00,2026-03-14 18:57:12.645596+00
dd4524b6-6e15-4a6e-9135-b22ea378f5d4,nudibranchs,en,behavior,text,Slow grazers that often feed on specialized prey; some display warning colors due to toxicity; hermaphroditic.,seed-script,2026-03-28 14:15:08.09076+00,2026-03-28 14:15:08.09076+00
dd99c3d5-0133-4ae6-9fa6-f2e55ef946f7,nudibranchs,en,conservation_status,text,Not evaluated,seed-script,2026-03-28 14:15:08.09076+00,2026-03-28 14:15:08.09076+00
ddb4fd43-f29f-4d86-b4e1-4456d7120df8,hawksbill-sea-turtle,en,photography_tips,text,"Approach with extreme care - they are very shy
Photograph from a distance to avoid disturbance
Capture the distinctive beak clearly in your shots
Highlight the shell’s beautiful pattern
Use natural light and, if possible, a longer lens
Be ready for quick, sudden movements",seed-script,2026-03-28 14:15:08.526272+00,2026-03-28 14:15:08.526272+00
ddb85249-d58c-4bdc-9e51-0dfa47e567c5,mango-bay,nl,what_you_can_see,text,"Kleurrijke rifvissen
Anemoonvissen
Papegaaivissen en lipvissen
Vlindervissen
Keizersvissen
Kleine rifhaaien",,2026-03-27 13:40:10.789117+00,2026-03-28 12:47:09.516174+00
dde591f0-0629-48e0-8f83-7aaca2bec2c3,specialty/night-diver,en,hero_title,text,Night Diver Specialty Course,contact@prodiving.asia,2026-03-12 10:27:14.506533+00,2026-03-27 09:56:50.040346+00
de057eb8-d21a-4b3e-96fc-c5a0f57f5b9e,home,nl,course_discover_scuba_duration,text,1 dag,contact@prodiving.asia,2026-03-12 10:57:14.010608+00,2026-03-14 18:50:05.442579+00
de1e8b4e-8c76-4b77-9002-a5fba9b694d1,things-to-do,en,cta_beaches,text,Discover beaches,,2026-03-28 13:31:13.441375+00,2026-03-28 13:31:13.441375+00
df1c7a82-46a0-4a69-a575-a75203d7e53d,contact,en,form_title,text,Send Us a Message,contact@prodiving.asia,2026-03-12 14:31:13.936296+00,2026-04-06 04:40:49.337206+00
df84337c-5016-4bb1-804e-21a0bb233584,nudibranchs,en,interesting_facts,text,"Nudibranchs include hundreds of species with spectacular color variation
Many species are toxic and advertise this with bright warning colors
Most nudibranchs are hermaphrodites with both male and female organs
They often eat highly specialized prey - some sponges, others hydroids
Their shape and color make them ideal macro subjects
New species are still being discovered in tropical waters",seed-script,2026-03-28 14:15:08.09076+00,2026-03-28 14:15:08.09076+00
dfa135d6-0342-477f-803d-c6ebfc5807aa,discover-scuba,nl,section_2_title,text,Wat is inbegrepen?,seed-script,2026-03-28 14:22:37.204447+00,2026-03-28 14:24:16.326594+00
dfa8e9a9-1288-454d-82a6-9b1c093e29c6,rescue,nl,section_3_content,text,"Lesmateriaal en certificering
Reddingsvaardigheidstraining in zwembad en buitenwater
Huur van alle uitrusting",seed-script,2026-03-28 14:22:37.579329+00,2026-03-28 14:24:16.617176+00
dfe054d0-30fa-4336-aa7d-889dee7f433b,japanese-gardens,en,marine_life_highlights,text,"Pink-tailed Triggerfish (unique to this site)
Ocellated Eagle Rays
Marbled Octopus
Blue-ringed Octopus
Nudibranchs and flatworms
Parrotfish and wrasse
Anthias and damselfish
Moray eels and lionfish",,2026-03-27 13:40:10.789117+00,2026-03-28 12:47:09.516174+00
dfea0987-5872-4212-9aa2-6cc09645bd0b,home,en,course_open_water_description,textarea,Learn the fundamentals of scuba diving and become a certified diver for life.,contact@prodiving.asia,2026-03-12 10:01:50.741687+00,2026-03-16 18:01:39.262481+00
e0d983aa-1b10-4dfa-aafe-846753006bb0,weather-koh-tao,en,cta_go_diving,text,Go diving,,2026-03-28 13:46:34.702478+00,2026-03-28 13:46:34.702478+00
e12839d0-a894-4e05-b7be-47af6bfc420b,home,nl,course_rescue_level,text,Advanced,contact@prodiving.asia,2026-03-12 10:57:14.010608+00,2026-03-14 18:50:05.442579+00
e1b637fa-864b-4921-8f90-17e5cd74fd72,marine-life-page,en,cta_fun_dives,text,Fun dive trips,seed-script,2026-03-28 14:15:08.842017+00,2026-03-28 14:15:08.842017+00
e1f4103f-ead0-411a-b8a0-d7df31a34c91,koh-tao-dive-sites,nl,stat2_text,text,"Walvishaaien, roggen en koraalriffen",seed-script,2026-03-28 14:03:22.715903+00,2026-03-28 14:03:22.715903+00
e21d10d4-f6b9-4939-96e1-4ab1c4ed58e1,instructor,en,section_prereq_title,text,Prerequisites,,2026-03-28 13:19:45.973231+00,2026-03-28 13:19:45.973231+00
e225ade2-0311-48e5-8509-9ece5449fb71,marine-life-page,en,intro_title,text,Marine life around Koh Tao,seed-script,2026-03-28 14:15:08.526272+00,2026-03-28 14:15:08.526272+00
e227e860-45bb-4e9d-a746-e1e05012d61f,home,en,course_rescue_description,textarea,"Learn to prevent and manage dive emergencies while becoming a stronger, more aware diver.",contact@prodiving.asia,2026-03-12 10:01:50.741687+00,2026-03-16 18:01:39.262481+00
e23628ba-caf0-4a35-8c6f-fd4089ca8c27,scuba-diver,en,hero_subtitle,text,Experience the underwater world with confidence. The PADI Scuba Diver course is perfect for those who want to try scuba diving before committing to full certification.,seed-script,2026-03-12 14:56:23.775431+00,2026-03-28 14:24:15.888987+00
e26444dc-8510-4cb1-a4e2-d5975404fda3,advanced,nl,section_3_content,text,"Lesmateriaal en PADI-certificering
Huur van alle uitrusting
Bootkosten waar van toepassing
Professionele instructie",seed-script,2026-03-28 14:22:36.581793+00,2026-03-28 14:24:15.888987+00
e2b0125b-2e75-4782-af7d-e0cb6367291a,pro-level-courses,nl,footer_cta,text,Naar boekingspagina,,2026-03-28 13:23:24.29037+00,2026-03-28 13:23:24.29037+00
e3047f7b-cd8a-492c-972b-12ca63660f21,things-to-do,en,note,text,Koh Tao is more than just diving - there is plenty to explore on land and at sea.,,2026-03-28 13:31:13.441375+00,2026-03-28 13:31:13.441375+00
e341a419-df40-4f47-bb73-aa7e61b92fe2,contact,nl,footer_line_2,textarea,Discover the magic beneath the waves in Thailand's diving paradise. test,contact@prodiving.asia,2026-03-12 10:14:37.06477+00,2026-03-14 18:57:12.645596+00
e3f6a727-1af5-4a00-a3bf-2a2a6c667428,dive-sites/chumphon-pinnacle,nl,quick_facts_difficulty,text,Gevorderd,,2026-03-28 20:47:21.080002+00,2026-03-28 20:47:21.080002+00
e4960fc1-d343-4cba-ac66-0937b0d90172,rescue,nl,section_3_title,text,Inbegrepen,seed-script,2026-03-28 14:22:37.579329+00,2026-03-28 14:24:16.617176+00
e4bdb942-8cc7-45e2-90e6-d5be7afe02b3,hawksbill-sea-turtle,en,interesting_facts,text,"Hawksbills have a beak-like mouth adapted for eating sponges
Their shell was historically used for tortoiseshell products (now illegal)
They can stay underwater for up to 35 minutes
Females nest every 2-3 years and lay 3-5 clutches per season
They have one of the most beautiful shell patterns of all sea turtles
Hawksbills are the most tropical of all sea turtle species",seed-script,2026-03-28 14:15:08.526272+00,2026-03-28 14:15:08.526272+00
e4ca2171-29e4-4e6f-a9e8-e2d69caa9a55,home,nl,course_open_water_price_usd,text,320,contact@prodiving.asia,2026-03-12 10:57:14.010608+00,2026-03-14 18:50:05.442579+00
e4e69f03-9043-442d-82df-3aaf24c2788b,viewpoints-koh-tao,nl,section_title,text,Uitzichtpunten op het eiland,,2026-03-28 13:42:12.192138+00,2026-03-28 13:50:12.131579+00
e4e92006-b4f4-4cf4-8f6d-7e106c49e215,fun-diving,en,fun_diving_marine_life_body,text,"From massive whale sharks and graceful sea turtles to colorful reef fish and fascinating macro life, Koh Tao's waters host an incredible variety of marine species. Every dive brings new discoveries and unforgettable encounters.",,2026-03-27 12:57:03.657442+00,2026-03-27 12:57:03.657442+00
e587728b-9926-4e3e-b1e5-ef5023c2d2f2,dive-sites/twins-pinnacle,en,quick_facts_depth,text,,,2026-03-31 17:44:30.907201+00,2026-03-31 17:54:49.644632+00
e5a62be5-a053-4fe2-ba24-2084486ef709,japanese-gardens,nl,quick_facts_depth,text,5-18m,,2026-03-27 13:40:10.789117+00,2026-03-28 12:47:09.516174+00
e5be5c95-0690-464f-ab09-950a8ef4e6fd,pro-level-courses,en,courses_list,text,"PADI Divemaster Course|/courses/divemaster
PADI Instructor Course|/courses/instructor
EFR Instructor Course
PADI MSDT Program|/courses/msdt-program
IDC Staff Instructor
PADI IDC Schedule
Instructor Specialties
AWARE Fish ID
Boat Instructor
Deep Instructor
DPV Instructor
Emergency O2 Provider
Equipment Instructor
Night Diving Instructor
Nitrox Instructor
Search & Recovery
Self Reliant Instructor
Sidemount Instructor
Underwater Naturalist
Underwater Navigator
Wreck Instructor
MSDT Instructor Specialty courses Koh Tao - Sidemount",,2026-03-28 13:23:24.29037+00,2026-03-28 13:23:24.29037+00
e5cdddd9-270e-4147-80e2-ef7c37df6d71,marine-life-page,en,turtles_title,text,Sea turtles,seed-script,2026-03-28 14:15:08.526272+00,2026-03-28 14:15:08.526272+00
e5e2cc48-5035-42c1-9a63-aee3a1ce32d8,south-west-pinnacle,en,what_you_can_see,text,Whale sharks Bryde's whales Giant barracuda Spanish mackerel,,2026-03-27 13:40:10.789117+00,2026-03-28 20:54:03.477122+00
e6292335-be40-416f-be3a-0885f36bad63,contact,nl,details_title,text,Contact gegevens,contact@prodiving.asia,2026-03-12 10:14:37.06477+00,2026-03-14 18:57:12.645596+00
e68bdb53-2dd7-442b-be08-67b32051db46,food-drink,nl,highlights_title,text,Culinaire highlights,,2026-03-28 13:42:12.192138+00,2026-03-28 13:42:12.192138+00
e69f4bfa-e137-40dd-ab8d-f1f61f5be0b6,advanced,nl,faq_2_answer,text,"Deep en Navigation zijn verplicht. Je kiest 3 keuzevakken uit opties zoals Night, Wreck, Peak Performance Buoyancy, Fish ID, en meer.",seed-script,2026-03-28 14:22:36.581793+00,2026-03-28 14:24:15.888987+00
e6e75472-0160-4c0e-8f22-c568493bb22b,green-sea-turtle,nl,interesting_facts,text,"Groene zeeschildpadden kunnen tot 80 jaar oud worden
Ze zijn genoemd naar hun groene lichaamsvet, niet naar hun schild
Vrouwtjes keren terug naar het strand waar ze zelf uitkwamen om eieren te leggen
Tijdens rust kunnen ze tot 7 uur hun adem inhouden
Jonge schildpadjes moeten binnen 72 uur de zee bereiken om te overleven
Ze migreren duizenden kilometers tussen foerageer- en nestgebieden",seed-script,2026-03-28 14:15:08.09076+00,2026-03-28 14:15:08.09076+00
e72861de-e7b4-4fc9-830b-ec37b4d23015,blacktip-reef-shark,en,size,text,"Up to 2m (6.5ft), 13kg",seed-script,2026-03-28 14:15:08.09076+00,2026-03-28 14:15:08.09076+00
e72a33d8-f218-45a0-b7b9-ad9e9725c9ba,advanced,nl,faq_1_question,text,Moet ik een test doen?,seed-script,2026-03-28 14:22:36.581793+00,2026-03-28 14:24:15.888987+00
e7988854-21b6-4a92-986e-e07fef778abf,fun-diving,nl,fun_diving_world_class_body,text,"Beneath the turquoise water surrounding Koh Tao lies a world of colorful coral reefs, teeming marine life from macro creatures to turtles and if you're lucky, the majestic whale shark. With over 25 captivating dive sites, there's boundless diversity to explore.",,2026-03-28 13:10:40.754266+00,2026-03-30 11:23:47.936366+00
e7d01a39-5e24-4224-bcc1-0975af0f508a,blacktip-reef-shark,nl,conservation_status,text,Bijna bedreigd,seed-script,2026-03-28 14:15:08.526272+00,2026-03-28 14:15:08.526272+00
e7da6615-99dc-4833-b7b1-3d20b31b1cd1,twins-pinnacle,en,images,text,https://www.divinginasia.com/images/twins-header.png,,2026-03-27 16:24:21.72643+00,2026-03-28 12:47:09.516174+00
e87b47e1-184c-4c8e-8d13-6ce8188856fd,scuba-diver,en,course_overview,text,"The PADI Scuba Diver course introduces you to the underwater world in a fun and relaxed way. You'll learn basic scuba diving skills and explore shallow reefs, giving you the confidence to continue your diving journey. This course serves as an introduction to scuba diving and can lead to full Open Water certification.",seed-script,2026-03-12 14:56:23.775431+00,2026-03-28 14:24:15.888987+00
e88a5576-4128-4541-8b39-2e0714e5127b,discover-scuba-deluxe,nl,hero_title,text,Discover Scuba Diving Deluxe. dutch,,2026-03-19 11:07:40.674469+00,2026-03-27 13:13:36.994736+00
e92ddf41-f1fb-4cc8-ad5c-204b302e4a54,things-to-do,en,activities_title,text,Popular activities,,2026-03-28 13:31:13.441375+00,2026-03-28 13:31:13.441375+00
e943f7e0-6f7e-4053-8cff-817e5f95b641,koh-tao-dive-sites,nl,stat3_text,text,Wrakken en structuren voor unieke duiken,seed-script,2026-03-28 14:03:22.715903+00,2026-03-28 14:03:22.715903+00
e9b9c088-c163-4463-a091-26539c94e37a,koh-tao-dive-sites,en,hero_title,text,Dive sites around Koh Tao,seed-script,2026-03-28 14:03:22.715903+00,2026-03-28 14:03:22.715903+00
e9c251df-3edb-450d-bfee-a18bc0dc5aa1,msdt-program,en,included_items,text,"Five PADI Specialty Instructor courses
Team teaching and mentorship
All required training materials
Guidance on application process
Access to experienced Course Directors",,2026-03-28 13:22:02.219507+00,2026-03-28 13:22:02.219507+00
ea481a97-feaa-4bbc-9bb5-0983453ad9c0,medical-services,nl,care_title,text,Zorg & noodgevallen,,2026-03-28 13:46:34.702478+00,2026-03-28 14:56:21.792803+00
ea548842-78fb-4d1e-8d7e-53e3c1b3f83b,japanese-gardens,nl,images,text,https://www.divinginasia.com/images/japanandwins.jpg,,2026-03-27 16:24:21.72643+00,2026-03-28 12:47:09.516174+00
ea65323c-5e71-4405-ae48-b5676bf26daf,contact,nl,form_last_name_label,text,Achternaam,contact@prodiving.asia,2026-03-12 10:14:37.06477+00,2026-03-14 18:57:12.645596+00
ea7ed4f0-e2c5-447c-bd85-2d308e020772,how-to-get-here,en,cta_book_stay,text,Book accommodation,,2026-03-28 13:42:12.192138+00,2026-03-28 13:42:12.192138+00
ea85596c-2727-4ec7-8027-f993f4e34b68,south-west-pinnacle,nl,quick_facts_location,text,30-40 minuten offshore,,2026-03-27 13:40:10.789117+00,2026-03-28 12:47:09.516174+00
ea8a6d93-5d2b-4996-a34c-9237fffbcc84,discover-scuba,nl,section_1_content,text,"Stap 1: Briefing en basisvaardigheden in beschut water
Stap 2: Eerste buitenwaterduik onder directe begeleiding",seed-script,2026-03-28 14:22:37.204447+00,2026-03-28 14:24:16.326594+00
eac8a563-1b6c-4630-ba65-a1613f55ebee,medical-services,en,title,text,Medical services on Koh Tao,,2026-03-28 13:46:34.702478+00,2026-03-28 13:46:34.702478+00
eb146898-fe33-4477-b8b9-e7563022a474,fun-diving,nl,fun_diving_hero_cta,text,Go Fun Diving Koh Tao,,2026-03-28 13:10:40.754266+00,2026-03-30 11:23:47.936366+00
eb1b1f69-19ec-4979-8cd5-c200a8314c52,weather,nl,hero_title,text,Koh Tao Weather -  (nl),contact@prodiving.asia,2026-03-12 18:28:13.575925+00,2026-03-27 10:29:05.476188+00
eb2670eb-dd0e-4762-91cf-e6fafcad042a,contact,nl,form_submit_label,text,Stuur bericht,contact@prodiving.asia,2026-03-12 10:14:37.06477+00,2026-03-14 18:57:12.645596+00
eb26e5bc-fb5c-41af-aa39-1160cba6cc28,home,nl,course_efr_price_usd,text,130,contact@prodiving.asia,2026-03-12 10:57:14.010608+00,2026-03-14 18:50:05.442579+00
eb57df41-0583-446c-bff5-5a1a836a451d,instructor,nl,next_steps_body,text,"Stuur je duik-cv en gewenste startdata. Wij begeleiden je door IDC-vereisten, planning en doorgroeimogelijkheden.",,2026-03-28 13:19:45.973231+00,2026-03-28 13:19:45.973231+00
eb61fc50-7648-453c-ab45-ef6958a04aff,home,nl,hero_title,text,Duiken op Koh Tao met Diving in Asia,contact@prodiving.asia,2026-03-12 10:57:14.010608+00,2026-03-14 18:50:05.442579+00
ebc91174-b693-4ea7-a1e6-bbde5734144a,how-to-get-here,nl,options_title,text,Reisopties,,2026-03-28 13:42:12.192138+00,2026-03-28 13:42:12.192138+00
ebe41703-06ba-4b5d-8d57-c2486bb51af1,discover-scuba,nl,faq_3_answer,text,"Je krijgt een korte uitleg, veiligheidsbriefing en oefent basisvaardigheden voordat je je eerste buitenwaterduik maakt met je instructeur.",seed-script,2026-03-28 14:22:37.204447+00,2026-03-28 14:24:16.326594+00
ebeaa00c-2c57-4c2f-a830-3b7abb0d5dbd,home,nl,course_discover_scuba_price_eur,text,66,contact@prodiving.asia,2026-03-12 10:57:14.010608+00,2026-03-14 18:50:05.442579+00
ec4e4b23-c619-4824-8875-6555921ec5ca,medical-services,nl,cta_travel_info,text,Reisinformatie,,2026-03-28 13:46:34.702478+00,2026-03-28 14:56:21.792803+00
ec612241-0a19-4d9e-b309-62efc7d9a747,things-to-do,en,title,text,Things to do on Koh Tao,,2026-03-28 13:31:13.441375+00,2026-03-28 13:31:13.441375+00
ecd0dfd5-d490-4f2c-bc59-488af9753909,koh-tao-dive-sites,nl,coral_sites,text,"Japanese Gardens||Gevarieerde koraalriffen met kleurrijk zeeleven en swim-throughs.|12-25m|Pink-tailed triggerfish,Ocellated adelaarsrog,Kleurrijk koraal,Gemarmerde octopus|Gemiddeld|Bij Koh Nang Yuan
Shark Island||Prachtige paarse boomkoralen en gorgonen met veel zeeleven.|8-20m|Zeewaaiers,Zweepkoralen,Zwartpuntrifhaaien,Tropische vissen|Beginner-Gemiddeld|Zuidkust
Mango Bay||Ondiepe koraalriffen, ideaal voor ontspannen duiken met een gezond ecosysteem.|5-18m|Kleurrijk koraal,Rifvissen,Zeeanemonen|Beginner|Baai aan westkust",seed-script,2026-03-28 14:03:22.715903+00,2026-03-28 14:03:22.715903+00
ed31f6c1-cb0d-4871-b4ac-28a329441372,medical-services,nl,important_list,text,"Regel een reis- en zorgverzekering voordat je aankomt
Malariapreventie kan zinvol zijn - overleg met een arts
De zon is sterk - gebruik zonnebrand met hoge SPF
Uitdroging komt vaak voor - drink voldoende water",,2026-03-28 13:46:34.702478+00,2026-03-28 14:56:21.792803+00
ed90e241-f138-4f66-b5f5-1243fce07d03,home,nl,course_divemaster_title,text,PADI Divemaster Cursus,contact@prodiving.asia,2026-03-12 10:57:14.010608+00,2026-03-14 18:50:05.442579+00
ed9a8160-2b36-466f-98cc-3045d578a8f8,open-water,en,main,text,main test,,2026-03-19 07:01:07.673854+00,2026-04-05 09:49:05.165101+00
edcabbb9-f357-446c-b7af-520fc22c813b,green-sea-turtle,nl,detailed_description,text,"De groene zeeschildpad is een van de meest voorkomende zeeschildpadden rond Koh Tao en speelt een belangrijke rol in de gezondheid van zeegrasvelden en koraalriffen. Deze rustige planteneters brengen hun dagen door met grazen op zeegras en algen, waardoor deze habitats in balans blijven. Volwassen dieren worden vaak gezien in ondiepe baaien en rifgebieden, terwijl jonge schildpadjes soms te zien zijn tijdens hun risicovolle tocht van het neststrand naar open zee. Beschermingsmaatregelen in Thailand hebben geholpen deze oeroude zeereizigers te beschermen, en een ontmoeting in het wild blijft altijd bijzonder.",seed-script,2026-03-28 14:15:08.09076+00,2026-03-28 14:15:08.09076+00
ee38a07a-357e-40dd-a794-4bee4061e175,koh-tao-dive-sites,nl,deep_sites,text,"Sail Rock|/dive-sites/sail-rock|De belangrijkste diepe duiklocatie van Koh Tao met grote visscholen, walvishaaien en reuzenbarracuda.|18-40m|Walvishaaien,Reuzenbarracuda,Malabar grouper,Zeilvis|Gevorderd|40 minuten offshore
Chumphon Pinnacle|/dive-sites/chumphon-pinnacle|Granieten pinnacle met uitstekende kansen op walvishaaien en grote scholen trevally.|15-30m|Walvishaaien,Trevally-scholen,Adelaarsroggen,Chevron-barracuda|Gevorderd|30 minuten offshore
South West Pinnacle|/dive-sites/south-west-pinnacle|Diepe pinnacle, bekend om walvishaaien, brydevinvissen en grote pelagische vis.|15-35m|Walvishaaien,Brydevinvissen,Reuzenbarracuda,Koningsmakreel|Gevorderd|30-40 minuten offshore",seed-script,2026-03-28 14:03:22.715903+00,2026-03-28 14:03:22.715903+00
ee869776-08de-4e08-8a63-0d2af2a3a483,rescue,en,course_overview,text,"The Rescue Diver course teaches you to prevent and manage diving emergencies, perform rescues and work confidently as part of a dive team.",seed-script,2026-03-19 08:46:20.615861+00,2026-03-28 14:24:16.326594+00
ef245e05-496b-475f-abc0-ce4d26021eb0,specialty/night-diver,nl,course_overview,text,"Experiece Complete 3 night dives and learn to navigate, communicate, and manage buoyancy in the dark.",,2026-03-28 13:10:40.754266+00,2026-03-28 13:10:40.754266+00
ef7c0548-fdab-43c5-96c0-490cfe545911,home,nl,course_instructor_max_depth,text,40m,contact@prodiving.asia,2026-03-12 10:57:14.010608+00,2026-03-14 18:50:05.442579+00
efd79d32-1bdc-4d00-af94-9bbe597f7cd4,pro-level-courses,en,footer_body,text,Complete the form below and we'll reply with availability and pricing.,,2026-03-28 13:23:24.29037+00,2026-03-28 13:23:24.29037+00
efdcca35-f28e-45d7-96aa-3db37f181878,chumphon-pinnacle,en,quick_facts_best_time,text,"Year-round, peak season December-April",,2026-03-27 13:40:10.789117+00,2026-04-09 11:24:36.795351+00
efe16dd9-f9e9-46e5-bcdd-22d0959118be,fun-diving,nl,fun_diving_marine_life_title,text,Diverse Marine Life,,2026-03-19 11:40:33.007131+00,2026-03-30 11:23:47.936366+00
f04396a5-7c5d-4027-8213-78b5ff3168fb,home,nl,course_discover_scuba_deluxe_level,text,Beginner,contact@prodiving.asia,2026-03-12 10:57:14.010608+00,2026-03-14 18:50:05.442579+00
f0544a59-d753-4432-82e6-cd057e3987a3,scuba-diver,nl,price_eur,text,225,contact@prodiving.asia,2026-03-12 14:55:52.765748+00,2026-03-28 14:21:05.68676+00
f07c531b-6ce2-44d2-8ce7-2ddba10fe3ad,things-to-do,nl,more_inspiration,text,"Voor meer inspiratie, bekijk onze",,2026-03-28 13:31:13.441375+00,2026-03-28 13:31:13.441375+00
f0abe249-eb4c-4e42-a78d-0dbf4cee5f6f,twins-pinnacle,en,quick_facts_difficulty,text,Beginner to Intermediate,,2026-03-27 13:40:10.789117+00,2026-03-28 12:47:09.516174+00
f141a8fb-9434-418f-8c97-523228ed7ec9,scuba-review,en,price_eur,text,66,contact@prodiving.asia,2026-03-14 19:44:35.703938+00,2026-03-27 16:34:52.782657+00
f1904384-d1aa-402b-846a-258960597a23,marine-life-page,nl,turtles_title,text,Zeeschildpadden,seed-script,2026-03-28 14:15:08.842017+00,2026-03-28 14:15:08.842017+00
f1b3e35c-7865-4b89-b9bc-42365ce3444d,rescue,en,section_2_title,text,Structure and prerequisites,seed-script,2026-03-28 14:22:37.579329+00,2026-03-28 14:24:16.617176+00
f1d55188-32b9-494a-bb8e-271aeeb8ae40,dive-sites/twins-pinnacle,en,quick_facts_difficulty,text,,,2026-03-31 17:44:30.907201+00,2026-03-31 17:54:49.644632+00
f2278559-b2e3-44e7-918e-c969c6aff6a5,chumphon-pinnacle,en,quick_facts_depth,text,15-30m,,2026-03-27 13:40:10.789117+00,2026-04-09 11:24:36.795351+00
f24bff8e-bd2a-4eb0-a5c2-5e101699b658,accommodation,en,bookOurAccommodation,text,Book Our Accommodation,,2026-03-27 11:51:48.105016+00,2026-03-28 20:55:30.812602+00
f282e3cd-bb9a-4b4d-a7da-ac0ef9ae3025,dive-sites/sail-rock,nl,quick_facts,text,Dutch quick facts here test,,2026-03-20 09:07:19.116003+00,2026-03-23 11:44:59.534359+00
f28d3332-f2fb-406a-b27e-99ce0961701f,viewpoints-koh-tao,nl,cta_discover_beaches,text,Ontdek stranden,,2026-03-28 13:42:12.192138+00,2026-03-28 13:50:12.131579+00
f30fb6dd-0d84-41f6-b80a-283419c63e3a,fun-diving,en,fun_diving_expert_title,text,Expert Dive Professionals,,2026-03-27 12:57:03.657442+00,2026-03-27 12:57:03.657442+00
f31ba3cb-78fe-4eb5-96a6-7e9de899c351,marine-life-page,nl,label_season,text,Beste periode,seed-script,2026-03-28 14:15:08.842017+00,2026-03-28 14:15:08.842017+00
f3227a86-16a9-4827-b7da-befd5c372ba8,discover-scuba,en,faq_3_answer,text,"You will receive a short orientation, safety briefing and basic skills coaching before going for your first open water dive with your instructor.",seed-script,2026-03-28 14:22:37.204447+00,2026-03-28 16:44:59.316524+00
f3fbb444-69a6-404c-bc8f-9b50c4239cc1,marine-life-page,en,hero_title,text,Marine life of Koh Tao,seed-script,2026-03-28 14:15:08.526272+00,2026-03-28 14:15:08.526272+00
f423a6a5-48da-427b-b1c6-acba3fa32b2f,viewpoints-koh-tao,en,note,text,"Most viewpoints require a short hike. Bring water, sun protection, and a camera!",,2026-03-28 13:42:12.192138+00,2026-03-28 13:46:35.031208+00
f4631d19-8c39-4472-8db5-4e5898e0611d,msdt-program,nl,hero_subtitle,text,"Het PADI MSDT-programma is ontwikkeld voor instructeurs die hun lescarriere naar een hoger niveau willen brengen. Dit programma geeft je de vaardigheden, ervaring en certificeringen om een breed aanbod aan PADI-specialtycursussen te geven.",,2026-03-28 13:22:02.219507+00,2026-03-28 13:22:02.219507+00
f477a9ca-d62f-4903-b287-3d9f347931eb,scuba-review,nl,duration,text,1-2 days,,2026-03-28 13:10:40.754266+00,2026-03-28 13:10:40.754266+00
f4ebefa7-737b-4419-9c2a-005f73330b37,rescue,nl,section_2_title,text,Opbouw en vereisten vooraf,seed-script,2026-03-28 14:22:37.579329+00,2026-03-28 14:24:16.617176+00
f533994f-4c37-4378-b1d7-ea975dfeb8e1,rescue,nl,section_2_content,text,Duur: meestal 3 dagen met zwembad- en buitenwatersessies. Vereist: EFR (of gelijkwaardig) en een Open Water-brevet.,seed-script,2026-03-28 14:22:37.579329+00,2026-03-28 14:24:16.617176+00
f54f96d7-2c6d-4c81-8fcb-36476f3cfc36,home,nl,course_efr_max_depth,text,N/A,contact@prodiving.asia,2026-03-12 10:57:14.010608+00,2026-03-14 18:50:05.442579+00
f5624147-60b6-442e-ba52-f88bad24b63b,divemaster,en,duration,text,2-4 weeks,contact@prodiving.asia,2026-03-10 05:43:53.838953+00,2026-04-05 06:22:38.909171+00
f5716042-4a6d-429e-85de-24f6bef940ec,marine-life-page,nl,label_size,text,Grootte,seed-script,2026-03-28 14:15:08.842017+00,2026-03-28 14:15:08.842017+00
f58317ff-cc0e-4032-95f3-67d48d2a1489,accommodation,nl,pricingNote,text,Prijzen variëren per seizoen. Neem contact op voor actuele beschikbaarheid en tarieven.,,2026-03-27 11:51:48.105016+00,2026-03-28 20:56:02.462461+00
f58c8e1e-f0f9-4e1b-8a9b-a768a553644a,contact,en,phone_line_2,text,+66 89 123 4567,contact@prodiving.asia,2026-03-12 14:31:13.936296+00,2026-04-06 04:40:49.337206+00
f5d51115-8bfe-4588-852c-021ad46f5fc2,home,nl,course_open_water_price_eur,text,290,contact@prodiving.asia,2026-03-12 10:57:14.010608+00,2026-03-14 18:50:05.442579+00
f5f5527d-dab2-4dc1-a706-cad242fb1e88,home,en,course_divemaster_duration,text,2-4 weeks,contact@prodiving.asia,2026-03-12 10:01:50.741687+00,2026-03-16 18:01:39.262481+00
f623290a-834b-4b8f-a7bb-7312a51722ea,marine-life-page,nl,macro_life,text,"Naaktslakken|Kleurrijke zeenaaktslakken met bijzondere patronen en vormen, perfect voor macrofotografie.|1-15cm|Koraalriffen|Hele jaar|/marine-life/nudibranchs
Gebandeerde zeekrait|Giftige zeeslangen die in ondiep water op vis en paling jagen.|Tot 1,5m|Ondiepe riffen|Hele jaar|/marine-life/banded-sea-krait
Baardschorpioenvis|Meester in camouflage met giftige stekels, perfect vermomd als koraal.|Tot 30cm|Koraalriffen|Hele jaar|/marine-life/bearded-scorpion-fish
Koppotigen|Intelligente octopussen en inktvissen, meesters in camouflage en probleemoplossing.|5cm-3m|Koraalriffen en diep water|Hele jaar|/marine-life/cephalopods",seed-script,2026-03-28 14:15:08.842017+00,2026-03-28 14:15:08.842017+00
f62a7064-8f45-4baf-a02e-9e41f2c7af52,discover-scuba,nl,hero_title,text,Discover Scuba Diving (DSD),seed-script,2026-03-28 13:10:40.754266+00,2026-03-28 14:24:16.326594+00
f632c8f3-0e25-451b-9bbe-e7068f3a9499,twins-pinnacle,nl,quick_facts_location,text,Westkust van Koh Nang Yuan,,2026-03-27 13:40:10.789117+00,2026-03-28 12:47:09.516174+00
f6523b65-6d26-4aae-ac0e-0e8acbce0842,dive-sites/sail-rock,nl,overview,text,Dutch overview content here,,2026-03-20 09:07:19.116003+00,2026-03-20 09:07:19.116003+00
f6983d66-d398-4375-89a5-2e73135ae9d6,contact,en,phone_title,text,Phone,contact@prodiving.asia,2026-03-12 14:31:13.936296+00,2026-04-06 04:40:49.337206+00
f6bae03d-4359-4fe6-b13a-6554afe90004,home,en,course_open_water_title,text,PADI Open Water Course,contact@prodiving.asia,2026-03-12 10:01:50.741687+00,2026-03-16 18:01:39.262481+00
f6e90cd9-d599-4cc9-ad39-35e72584c180,marine-life-page,en,pelagic_title,text,Pelagic species,seed-script,2026-03-28 14:15:08.526272+00,2026-03-28 14:15:08.526272+00
f718f620-5c29-446e-a2ab-e3da0fd8ddab,marine-life-page,nl,label_habitat,text,Habitat,seed-script,2026-03-28 14:15:08.842017+00,2026-03-28 14:15:08.842017+00
f7a816d6-e0b0-414e-b272-b3d58c480812,advanced,en,faq_2_answer,text,"Deep and Navigation are required. You choose 3 electives from options like Night, Wreck, Peak Performance Buoyancy, Fish ID, and more.",seed-script,2026-03-28 14:22:36.581793+00,2026-03-28 14:24:15.888987+00
f7e83d2c-b02e-40f7-8643-53bd5d5c552f,scuba-diver,nl,hero_subtitle,text,Ontdek de onderwaterwereld met vertrouwen. De PADI Scuba Diver-cursus is perfect voor wie duiken wil proberen voordat je voor volledige certificering gaat.,seed-script,2026-03-12 14:55:52.765748+00,2026-03-28 14:24:15.888987+00
f81af0ac-e0ac-4cab-a934-75f7a1feb743,contact,nl,phone_line_2,text,+66 89 123 4567,contact@prodiving.asia,2026-03-12 10:14:37.06477+00,2026-03-14 18:57:12.645596+00
f81e609b-3afe-48cb-ad0b-db4a25ec29b5,hawksbill-sea-turtle,nl,detailed_description,text,"De karetschildpad is een ernstig bedreigde soort met een karakteristieke snavelbek die perfect is aangepast om sponzen en andere kleine organismen uit spleten te halen. Hun prachtige schild heeft overlappende schubben die een mozaïekpatroon vormen. Ze spelen een belangrijke rol in het rifecosysteem door sponsgroei te beperken. Karetschildpadden zijn veel schuwer dan groene zeeschildpadden en vereisen rustige, geduldige observatie. Hun aanwezigheid is een teken van een gezond rif, waardoor elke waarneming extra bijzonder is voor duikers en snorkelaars.",seed-script,2026-03-28 14:15:08.526272+00,2026-03-28 14:15:08.526272+00
f82d0d8a-b03a-477c-85ef-cfa5591076d8,discover-scuba,nl,faq_2_answer,text,Nee. DSD is juist bedoeld voor beginners en mensen die nog nooit hebben gedoken.,seed-script,2026-03-28 14:22:37.204447+00,2026-03-28 14:24:16.326594+00
f85354db-ea23-406a-9990-d0f577e37a82,open-water,en,price_eur,text,2900,contact@prodiving.asia,2026-03-10 12:04:54.885159+00,2026-04-05 09:49:05.165101+00
f87c9b89-d803-4d26-b068-cfc84846d370,divemaster,en,course_overview,text,"The Divemaster program develops your dive leadership skills including supervising dive activities, assisting instructors, and guiding certified divers.",contact@prodiving.asia,2026-03-10 05:43:53.838953+00,2026-04-05 06:22:38.909171+00
f8aa02c1-a7c7-4e96-a875-e449ac2bf233,home,en,course_open_water_duration,text,3-4 days,contact@prodiving.asia,2026-03-12 10:01:50.741687+00,2026-03-16 18:01:39.262481+00
f8af0163-509c-404e-b8b3-5e8bb49d3edc,twins-pinnacle,nl,diving_tips,text,"Perfect voor Open Water en trainingsduiken
Verken eerst de diepere westelijke pinnacle
Navigeer naar de middelste pinnacle en bekijk de boog aan de noordkant
Kijk onder overhangen bij de ondiepe pinnacle
Mis de beroemde clownfish met Sebae-anemoon niet
Let op: er is een steencirkel rond de clownfish - niet binnengaan
Geweldig voor macrofotografie
Oefen drijfvermogen bij de bogen en rotsformaties
Buoyancy World in de buurt is gewijd aan drijfvermogen
Uitstekend voor mariene bewustwording
Eenvoudige navigatie dankzij drie pieken",,2026-03-27 13:40:10.789117+00,2026-03-28 12:47:09.516174+00
f8f74aa4-c74d-4190-a532-2753c4902603,contact,nl,location_line_2,text,"Surat Thani 84360, Thailand",contact@prodiving.asia,2026-03-12 10:14:37.06477+00,2026-03-14 18:57:12.645596+00
f93a3bb5-407d-4489-82bc-9c3b991d0d64,admin-finance,en,default_currency,text,USD,,2026-03-28 18:33:20.274249+00,2026-04-01 15:46:59.715749+00
fb80625f-c12d-40d2-bf0a-b4803ccf0217,sail-rock,en,diving_tips,text,"Advanced certification required - this is a deep dive site
Strong current awareness essential - stay with your guide
Use a dive computer for accurate depth and time monitoring
Whalesharks are most active in the morning - early boat departure recommended
Bring a wide-angle lens for photographing large pelagics
Conserve air due to depth and potential current
Perfect for deep specialty course dives",,2026-03-27 13:40:10.789117+00,2026-03-28 12:47:09.516174+00
fba15d13-37af-449e-892d-c4bc6b22c293,home,en,course_efr_level,text,First Aid,contact@prodiving.asia,2026-03-12 10:01:50.741687+00,2026-03-16 18:01:39.262481+00
fc740a93-733e-44ec-8e25-e66ff7c0de5a,discover-scuba,en,faq_1_answer,text,DSD is a beginner experience that allows non-certified divers to try scuba diving in a controlled and supervised environment before committing to a full course.,seed-script,2026-03-28 14:22:37.204447+00,2026-03-28 16:44:59.316524+00
fc7e46c2-76e3-4a86-83f7-a9e51c6028e4,discover-scuba,en,section_2_content,text,"Certified scuba dive professional
Use of all scuba equipment
Maximum 4 guests per instructor group
Option to add extra dives",seed-script,2026-03-28 14:22:37.204447+00,2026-03-28 16:44:59.316524+00
fc9e37f6-2895-4637-a2e5-e570355c5c13,blacktip-reef-shark,en,habitat,text,"Coral reefs, shallow coastal waters",seed-script,2026-03-28 14:15:08.09076+00,2026-03-28 14:15:08.09076+00
fcefe891-114b-42d9-b099-afa0c6ce65fd,specialty/night-diver,nl,price_thb,text,6500,,2026-03-28 13:10:40.754266+00,2026-03-28 13:10:40.754266+00
fd177409-56c4-47b4-b09a-71f08166b9d3,home,nl,hero_secondary_cta,text,Cursussen,contact@prodiving.asia,2026-03-12 10:57:14.010608+00,2026-03-14 18:50:05.442579+00
fd496fe9-9d13-4f35-9680-4fa21deb264b,sail-rock,nl,images,text,"https://www.divinginasia.com/images/sailrock.webp
https://www.divinginasia.com/images/photo-1613853250147-2f73e55c1561.avif
https://www.divinginasia.com/images/photo-1618865181016-a80ad83a06d3.avif
https://www.divinginasia.com/images/photo-1647825194145-2d94e259c745.avif
https://www.divinginasia.com/images/photo-1682686580849-3e7f67df4015.avif
https://www.divinginasia.com/images/photo-1682687982423-295485af248a.avif",,2026-03-27 15:18:53.136052+00,2026-03-28 12:47:09.516174+00
fdbe7274-2ee0-4736-8313-d153644f945d,msdt-program,nl,prereq_title,text,Toelatingseisen,,2026-03-28 13:22:02.219507+00,2026-03-28 13:22:02.219507+00
fe2a0fbb-3f46-4249-a9da-427a9508c7bd,how-to-get-here,nl,cta_book_stay,text,Boek verblijf,,2026-03-28 13:42:12.192138+00,2026-03-28 13:42:12.192138+00
fe7a7221-c0bb-4b54-a061-e93004b8413b,nudibranchs,en,best_time,text,"Year-round, especially after stronger currents",seed-script,2026-03-28 14:15:08.09076+00,2026-03-28 14:15:08.09076+00
fe9e3024-af59-434a-807a-d8b9e88adedb,open-water,nl,price_thb,text,11000,contact@prodiving.asia,2026-03-12 14:50:04.862246+00,2026-03-19 09:07:24.603478+00
fea0c121-7e73-4c51-b6c6-818a86c0e440,home,en,about_paragraph_1,textarea,"The Island Koh Tao is not only a top destination in Thailand for your diving holiday, but also ideal for completing almost all PADI dive certifications, for both beginners and experienced divers.",contact@prodiving.asia,2026-03-12 10:01:50.741687+00,2026-03-27 11:40:08.616377+00
fecb92b1-98d1-45a5-8607-1021698d7ff3,advanced,en,faq_1_question,text,Do I need to take a test?,seed-script,2026-03-28 14:22:36.581793+00,2026-03-28 14:24:15.888987+00
ff297d1b-8d28-4156-bd72-14bb00e947da,home,en,course_efr_price,text,"฿3,500",contact@prodiving.asia,2026-03-12 10:01:50.741687+00,2026-03-16 18:01:39.262481+00
ff2d92dd-4c41-4abd-956b-409d03ffc5c7,food-drink,en,cta_find_stay,text,Find accommodation,,2026-03-28 13:42:12.192138+00,2026-03-28 13:42:12.192138+00
ffa696ed-e047-4a62-bfec-285810f2ae69,food-drink,en,intro,text,"Try local favorites like Pad Thai, Som Tam, and freshly grilled fish. On Koh Tao you will find everything from simple beach shacks to upscale restaurants.",,2026-03-28 13:42:12.192138+00,2026-03-28 13:42:12.192138+00
fffd0f72-d57f-4f05-8cc9-4db03bef6548,htms-sattakut,nl,what_you_can_see,text,"Wrakduiken
Onderwaterleven
Doorgangen
Historische waarde",,2026-03-27 13:40:10.789117+00,2026-03-28 12:47:09.516174+00